timestamp_utc,players
2026-05-28T09:05:03Z,64915
2026-05-28T09:10:02Z,64893
2026-05-28T09:15:03Z,64936
2026-05-28T09:20:02Z,65115
2026-05-28T09:25:03Z,65300
2026-05-28T09:30:03Z,65770
2026-05-28T09:35:03Z,65668
2026-05-28T09:40:03Z,66125
2026-05-28T09:45:03Z,66260
2026-05-28T09:50:03Z,66614
2026-05-28T09:55:02Z,66452
2026-05-28T10:00:03Z,66398
2026-05-28T10:05:02Z,66195
2026-05-28T10:10:02Z,66602
2026-05-28T10:15:02Z,66885
2026-05-28T10:20:03Z,67120
2026-05-28T10:25:03Z,67163
2026-05-28T10:30:03Z,67226
2026-05-28T10:35:02Z,67546
2026-05-28T10:40:03Z,65915
2026-05-28T10:45:02Z,66449
2026-05-28T10:50:02Z,66921
2026-05-28T10:55:02Z,67347
2026-05-28T11:00:03Z,67771
2026-05-28T11:05:02Z,68098
2026-05-28T11:10:03Z,68814
2026-05-28T11:15:02Z,69523
2026-05-28T11:20:02Z,70135
2026-05-28T11:25:03Z,70775
2026-05-28T11:30:03Z,70989
2026-05-28T11:35:02Z,71527
2026-05-28T11:40:02Z,72201
2026-05-28T11:45:03Z,72473
2026-05-28T11:50:02Z,73097
2026-05-28T11:55:02Z,73366
2026-05-28T12:00:03Z,73496
2026-05-28T12:05:02Z,74037
2026-05-28T12:10:02Z,74924
2026-05-28T12:15:02Z,75774
2026-05-28T12:20:02Z,76498
2026-05-28T12:25:03Z,77226
2026-05-28T12:30:03Z,77809
2026-05-28T12:35:03Z,78425
2026-05-28T12:40:03Z,79386
2026-05-28T12:45:03Z,80148
2026-05-28T12:50:03Z,80738
2026-05-28T12:55:07Z,81421
2026-05-28T13:00:03Z,82046
2026-05-28T13:05:02Z,82907
2026-05-28T13:10:02Z,83907
2026-05-28T13:15:03Z,84727
2026-05-28T13:20:02Z,85610
2026-05-28T13:25:02Z,86324
2026-05-28T13:30:03Z,87264
2026-05-28T13:35:02Z,88087
2026-05-28T13:40:03Z,88988
2026-05-28T13:45:03Z,89686
2026-05-28T13:50:02Z,90145
2026-05-28T13:55:03Z,90674
2026-05-28T14:00:03Z,91051
2026-05-28T14:05:03Z,91633
2026-05-28T14:10:02Z,92283
2026-05-28T14:15:03Z,93320
2026-05-28T14:20:03Z,93751
2026-05-28T14:25:03Z,94333
2026-05-28T14:30:02Z,94871
2026-05-28T14:35:02Z,95455
2026-05-28T14:40:02Z,96009
2026-05-28T14:45:02Z,96616
2026-05-28T14:50:03Z,97085
2026-05-28T14:55:02Z,97443
2026-05-28T15:00:04Z,97632
2026-05-28T15:05:03Z,98130
2026-05-28T15:10:03Z,98396
2026-05-28T15:15:03Z,98678
2026-05-28T15:20:02Z,99072
2026-05-28T15:25:02Z,99491
2026-05-28T15:30:03Z,99660
2026-05-28T15:35:02Z,99775
2026-05-28T15:40:03Z,100184
2026-05-28T15:45:02Z,100478
2026-05-28T15:50:03Z,100408
2026-05-28T15:55:02Z,100549
2026-05-28T16:00:03Z,100367
2026-05-28T16:05:03Z,100015
2026-05-28T16:10:03Z,100332
2026-05-28T16:15:02Z,100643
2026-05-28T16:20:03Z,100927
2026-05-28T16:25:02Z,101088
2026-05-28T16:30:03Z,101068
2026-05-28T16:35:02Z,101130
2026-05-28T16:40:03Z,101651
2026-05-28T16:45:02Z,102008
2026-05-28T16:50:03Z,102480
2026-05-28T16:55:03Z,102895
2026-05-28T17:00:03Z,103209
2026-05-28T17:05:03Z,103544
2026-05-28T17:10:03Z,104312
2026-05-28T17:15:02Z,105137
2026-05-28T17:20:03Z,105548
2026-05-28T17:25:03Z,106052
2026-05-28T17:30:02Z,106686
2026-05-28T17:35:03Z,107134
2026-05-28T17:40:03Z,107630
2026-05-28T17:45:03Z,108161
2026-05-28T17:50:02Z,108723
2026-05-28T17:55:03Z,109331
2026-05-28T18:00:03Z,109694
2026-05-28T18:05:03Z,110138
2026-05-28T18:10:03Z,110945
2026-05-28T18:15:03Z,110410
2026-05-28T18:20:03Z,111564
2026-05-28T18:25:02Z,112213
2026-05-28T18:30:03Z,112875
2026-05-28T18:35:03Z,113500
2026-05-28T18:40:03Z,114237
2026-05-28T18:45:03Z,114362
2026-05-28T18:50:02Z,114938
2026-05-28T18:55:03Z,115341
2026-05-28T19:00:02Z,115290
2026-05-28T19:05:03Z,115130
2026-05-28T19:10:03Z,115467
2026-05-28T19:15:02Z,115935
2026-05-28T19:20:02Z,116244
2026-05-28T19:25:03Z,116422
2026-05-28T19:30:02Z,116186
2026-05-28T19:35:03Z,116592
2026-05-28T19:40:03Z,116877
2026-05-28T19:45:02Z,117197
2026-05-28T19:50:03Z,117275
2026-05-28T19:55:03Z,117326
2026-05-28T20:00:02Z,117056
2026-05-28T20:05:03Z,116851
2026-05-28T20:10:02Z,117020
2026-05-28T20:15:03Z,116971
2026-05-28T20:20:02Z,116608
2026-05-28T20:25:02Z,116402
2026-05-28T20:30:02Z,115957
2026-05-28T20:35:03Z,115499
2026-05-28T20:40:03Z,115307
2026-05-28T20:45:03Z,115007
2026-05-28T20:50:03Z,114865
2026-05-28T20:55:02Z,114293
2026-05-28T21:00:03Z,113597
2026-05-28T21:05:02Z,112738
2026-05-28T21:10:03Z,112198
2026-05-28T21:15:02Z,111595
2026-05-28T21:20:03Z,111346
2026-05-28T21:25:02Z,110932
2026-05-28T21:30:03Z,110349
2026-05-28T21:35:03Z,109311
2026-05-28T21:40:03Z,109120
2026-05-28T21:45:03Z,108773
2026-05-28T21:50:03Z,108229
2026-05-28T21:55:02Z,107790
2026-05-28T22:00:02Z,107233
2026-05-28T22:05:03Z,106495
2026-05-28T22:10:03Z,106063
2026-05-28T22:15:03Z,105714
2026-05-28T22:20:02Z,105474
2026-05-28T22:25:02Z,105093
2026-05-28T22:30:02Z,104795
2026-05-28T22:35:02Z,104596
2026-05-28T22:40:02Z,104489
2026-05-28T22:45:02Z,104457
2026-05-28T22:50:03Z,104268
2026-05-28T22:55:03Z,104137
2026-05-28T23:00:02Z,103806
2026-05-28T23:05:03Z,103611
2026-05-28T23:10:02Z,103469
2026-05-28T23:15:02Z,103346
2026-05-28T23:20:02Z,103485
2026-05-28T23:25:02Z,103757
2026-05-28T23:30:03Z,103742
2026-05-28T23:35:03Z,104060
2026-05-28T23:40:03Z,104245
2026-05-28T23:45:02Z,104411
2026-05-28T23:50:03Z,104839
2026-05-28T23:55:03Z,104906
2026-05-29T00:00:05Z,104939
2026-05-29T00:05:02Z,105261
2026-05-29T00:10:03Z,105643
2026-05-29T00:15:03Z,106174
2026-05-29T00:20:02Z,106370
2026-05-29T00:25:03Z,106739
2026-05-29T00:30:03Z,106804
2026-05-29T00:35:03Z,107370
2026-05-29T00:40:03Z,107700
2026-05-29T00:45:03Z,108301
2026-05-29T00:50:03Z,108585
2026-05-29T00:55:03Z,108915
2026-05-29T01:00:03Z,109285
2026-05-29T01:05:02Z,109583
2026-05-29T01:10:02Z,109814
2026-05-29T01:15:02Z,110059
2026-05-29T01:20:02Z,110427
2026-05-29T01:25:03Z,110561
2026-05-29T01:30:03Z,110512
2026-05-29T01:35:03Z,110595
2026-05-29T01:40:03Z,110700
2026-05-29T01:45:03Z,110628
2026-05-29T01:50:03Z,110654
2026-05-29T01:55:03Z,110102
2026-05-29T02:00:03Z,109710
2026-05-29T02:05:02Z,109437
2026-05-29T02:10:02Z,109102
2026-05-29T02:15:02Z,108739
2026-05-29T02:20:02Z,108325
2026-05-29T02:25:02Z,107849
2026-05-29T02:30:03Z,107332
2026-05-29T02:35:02Z,106685
2026-05-29T02:40:03Z,106002
2026-05-29T02:45:03Z,105510
2026-05-29T02:50:03Z,104627
2026-05-29T02:55:03Z,104101
2026-05-29T03:00:03Z,103288
2026-05-29T03:05:03Z,102449
2026-05-29T03:10:03Z,101424
2026-05-29T03:15:02Z,100759
2026-05-29T03:20:02Z,99882
2026-05-29T03:25:03Z,98777
2026-05-29T03:30:03Z,97668
2026-05-29T03:35:02Z,96714
2026-05-29T03:40:03Z,95706
2026-05-29T03:45:03Z,94834
2026-05-29T03:50:03Z,93937
2026-05-29T03:55:03Z,92955
2026-05-29T04:00:03Z,91981
2026-05-29T04:05:03Z,90707
2026-05-29T04:10:03Z,89545
2026-05-29T04:15:03Z,88488
2026-05-29T04:20:03Z,87517
2026-05-29T04:25:02Z,86565
2026-05-29T04:30:02Z,85687
2026-05-29T04:35:02Z,84564
2026-05-29T04:40:03Z,83567
2026-05-29T04:45:03Z,82646
2026-05-29T04:50:03Z,81616
2026-05-29T04:55:02Z,80589
2026-05-29T05:00:03Z,79577
2026-05-29T05:05:02Z,78513
2026-05-29T05:10:02Z,77757
2026-05-29T05:15:02Z,77063
2026-05-29T05:20:02Z,76386
2026-05-29T05:25:02Z,75745
2026-05-29T05:30:03Z,74968
2026-05-29T05:35:02Z,74355
2026-05-29T05:40:03Z,73682
2026-05-29T05:45:03Z,73073
2026-05-29T05:50:03Z,72308
2026-05-29T05:55:03Z,71654
2026-05-29T06:00:03Z,71119
2026-05-29T06:05:03Z,70772
2026-05-29T06:10:03Z,70770
2026-05-29T06:15:02Z,70292
2026-05-29T06:20:03Z,69983
2026-05-29T06:25:03Z,69711
2026-05-29T06:30:02Z,69370
2026-05-29T06:35:02Z,69093
2026-05-29T06:40:02Z,68932
2026-05-29T06:45:02Z,68554
2026-05-29T06:50:03Z,68147
2026-05-29T06:55:03Z,67860
2026-05-29T07:00:03Z,67654
2026-05-29T07:05:02Z,67316
2026-05-29T07:10:03Z,67149
2026-05-29T07:15:02Z,66962
2026-05-29T07:20:03Z,66888
2026-05-29T07:25:02Z,66513
2026-05-29T07:30:02Z,66530
2026-05-29T07:35:03Z,66326
2026-05-29T07:40:03Z,66366
2026-05-29T07:45:02Z,66094
2026-05-29T07:50:03Z,65932
2026-05-29T07:55:03Z,65861
2026-05-29T08:00:03Z,65702
2026-05-29T08:05:03Z,65573
2026-05-29T08:10:03Z,65571
2026-05-29T08:15:03Z,65573
2026-05-29T08:20:02Z,65544
2026-05-29T08:25:02Z,65473
2026-05-29T08:30:03Z,65270
2026-05-29T08:35:03Z,65359
2026-05-29T08:40:02Z,64841
2026-05-29T08:45:02Z,64888
2026-05-29T08:50:03Z,65011
2026-05-29T08:55:03Z,64948
2026-05-29T09:00:03Z,64873
2026-05-29T09:05:02Z,64937
2026-05-29T09:10:02Z,64726
2026-05-29T09:15:02Z,64947
2026-05-29T09:20:03Z,64902
2026-05-29T09:25:02Z,65185
2026-05-29T09:30:03Z,65428
2026-05-29T09:35:03Z,63515
2026-05-29T09:40:03Z,63987
2026-05-29T09:45:03Z,64247
2026-05-29T09:50:02Z,64308
2026-05-29T09:55:02Z,64516
2026-05-29T10:00:02Z,64508
2026-05-29T10:05:03Z,64730
2026-05-29T10:10:03Z,64897
2026-05-29T10:15:03Z,65272
2026-05-29T10:20:03Z,65834
2026-05-29T10:25:02Z,66280
2026-05-29T10:30:02Z,66494
2026-05-29T10:35:02Z,66679
2026-05-29T10:40:03Z,67384
2026-05-29T10:45:03Z,67609
2026-05-29T10:50:03Z,68025
2026-05-29T10:55:03Z,68329
2026-05-29T11:00:03Z,68544
2026-05-29T11:05:02Z,68925
2026-05-29T11:10:02Z,69384
2026-05-29T11:15:02Z,69752
2026-05-29T11:20:03Z,70433
2026-05-29T11:25:02Z,70796
2026-05-29T11:30:03Z,71188
2026-05-29T11:35:02Z,71692
2026-05-29T11:40:02Z,72303
2026-05-29T11:45:02Z,72955
2026-05-29T11:50:03Z,73408
2026-05-29T11:55:02Z,73957
2026-05-29T12:00:03Z,74579
2026-05-29T12:05:02Z,75331
2026-05-29T12:10:02Z,76201
2026-05-29T12:15:02Z,76848
2026-05-29T12:20:02Z,77534
2026-05-29T12:25:02Z,78384
2026-05-29T12:30:02Z,78887
2026-05-29T12:35:02Z,79709
2026-05-29T12:40:02Z,80745
2026-05-29T12:45:02Z,81488
2026-05-29T12:50:02Z,82296
2026-05-29T12:55:03Z,82921
2026-05-29T13:00:03Z,83888
2026-05-29T13:05:02Z,84396
2026-05-29T13:10:02Z,85425
2026-05-29T13:15:03Z,86720
2026-05-29T13:20:03Z,87697
2026-05-29T13:25:02Z,88475
2026-05-29T13:30:02Z,89127
2026-05-29T13:35:02Z,89827
2026-05-29T13:40:03Z,90633
2026-05-29T13:45:03Z,91350
2026-05-29T13:50:02Z,91928
2026-05-29T13:55:02Z,92446
2026-05-29T14:00:03Z,93030
2026-05-29T14:05:03Z,93578
2026-05-29T14:10:03Z,94195
2026-05-29T14:15:03Z,94567
2026-05-29T14:20:02Z,95165
2026-05-29T14:25:02Z,95665
2026-05-29T14:30:02Z,96170
2026-05-29T14:35:02Z,96723
2026-05-29T14:40:03Z,97357
2026-05-29T14:45:02Z,98102
2026-05-29T14:50:02Z,98485
2026-05-29T14:55:02Z,98756
2026-05-29T15:00:02Z,99006
2026-05-29T15:05:03Z,99338
2026-05-29T15:10:03Z,99454
2026-05-29T15:15:03Z,99941
2026-05-29T15:20:02Z,100237
2026-05-29T15:25:02Z,100519
2026-05-29T15:30:02Z,100404
2026-05-29T15:35:02Z,100434
2026-05-29T15:40:03Z,100664
2026-05-29T15:45:02Z,100941
2026-05-29T15:50:02Z,100813
2026-05-29T15:55:02Z,100924
2026-05-29T16:00:03Z,100791
2026-05-29T16:05:03Z,100686
2026-05-29T16:10:03Z,100831
2026-05-29T16:15:03Z,100941
2026-05-29T16:20:02Z,101189
2026-05-29T16:25:02Z,101354
2026-05-29T16:30:03Z,101491
2026-05-29T16:35:03Z,101541
2026-05-29T16:40:03Z,101870
2026-05-29T16:45:03Z,102345
2026-05-29T16:50:03Z,102602
2026-05-29T16:55:03Z,102689
2026-05-29T17:00:03Z,102797
2026-05-29T17:05:02Z,103000
2026-05-29T17:10:02Z,103638
2026-05-29T17:15:02Z,104375
2026-05-29T17:20:03Z,104592
2026-05-29T17:25:03Z,105113
2026-05-29T17:30:03Z,105533
2026-05-29T17:35:03Z,105956
2026-05-29T17:40:02Z,106283
2026-05-29T17:45:02Z,106649
2026-05-29T17:50:03Z,107204
2026-05-29T17:55:02Z,107462
2026-05-29T18:00:02Z,107754
2026-05-29T18:05:03Z,108132
2026-05-29T18:10:02Z,108607
2026-05-29T18:15:02Z,109484
2026-05-29T18:20:03Z,110082
2026-05-29T18:25:02Z,110859
2026-05-29T18:30:02Z,111242
2026-05-29T18:35:02Z,111491
2026-05-29T18:40:03Z,112001
2026-05-29T18:45:03Z,112207
2026-05-29T18:50:02Z,112768
2026-05-29T18:55:02Z,113023
2026-05-29T19:00:03Z,113225
2026-05-29T19:05:02Z,113539
2026-05-29T19:10:02Z,113955
2026-05-29T19:15:03Z,114384
2026-05-29T19:20:02Z,115030
2026-05-29T19:25:02Z,115456
2026-05-29T19:30:03Z,115594
2026-05-29T19:35:03Z,115786
2026-05-29T19:40:02Z,115971
2026-05-29T19:45:03Z,116167
2026-05-29T19:50:03Z,116426
2026-05-29T19:55:03Z,116355
2026-05-29T20:00:03Z,116180
2026-05-29T20:05:03Z,115942
2026-05-29T20:10:03Z,115801
2026-05-29T20:15:02Z,115773
2026-05-29T20:20:03Z,115742
2026-05-29T20:25:03Z,115676
2026-05-29T20:30:03Z,115406
2026-05-29T20:35:03Z,115131
2026-05-29T20:40:03Z,115124
2026-05-29T20:45:03Z,114991
2026-05-29T20:50:03Z,114786
2026-05-29T20:55:03Z,114494
2026-05-29T21:00:03Z,113966
2026-05-29T21:05:02Z,113253
2026-05-29T21:10:03Z,112927
2026-05-29T21:15:03Z,112527
2026-05-29T21:20:02Z,112188
2026-05-29T21:25:02Z,111874
2026-05-29T21:30:03Z,111257
2026-05-29T21:35:02Z,110939
2026-05-29T21:40:03Z,110516
2026-05-29T21:45:03Z,110070
2026-05-29T21:50:03Z,109542
2026-05-29T21:55:02Z,109053
2026-05-29T22:00:03Z,108700
2026-05-29T22:05:03Z,107828
2026-05-29T22:10:03Z,107141
2026-05-29T22:15:03Z,106783
2026-05-29T22:20:04Z,106557
2026-05-29T22:25:03Z,106200
2026-05-29T22:30:02Z,105764
2026-05-29T22:35:03Z,105617
2026-05-29T22:40:03Z,105336
2026-05-29T22:45:03Z,104898
2026-05-29T22:50:03Z,104615
2026-05-29T22:55:02Z,104363
2026-05-29T23:00:03Z,103905
2026-05-29T23:05:02Z,103700
2026-05-29T23:10:03Z,103377
2026-05-29T23:15:03Z,102975
2026-05-29T23:20:03Z,102778
2026-05-29T23:25:02Z,102696
2026-05-29T23:30:02Z,102530
2026-05-29T23:35:02Z,102492
2026-05-29T23:40:03Z,102461
2026-05-29T23:45:03Z,102501
2026-05-29T23:50:03Z,102480
2026-05-29T23:55:03Z,102769
2026-05-30T00:00:04Z,102693
2026-05-30T00:05:02Z,102693
2026-05-30T00:10:02Z,102827
2026-05-30T00:15:03Z,103143
2026-05-30T00:20:03Z,103101
2026-05-30T00:25:03Z,103496
2026-05-30T00:30:03Z,103830
2026-05-30T00:35:02Z,104146
2026-05-30T00:40:02Z,104239
2026-05-30T00:45:02Z,104544
2026-05-30T00:50:02Z,104556
2026-05-30T00:55:02Z,105036
2026-05-30T01:00:03Z,105354
2026-05-30T01:05:02Z,105409
2026-05-30T01:10:02Z,105733
2026-05-30T01:15:02Z,105986
2026-05-30T01:20:02Z,106344
2026-05-30T01:25:03Z,106723
2026-05-30T01:30:03Z,107096
2026-05-30T01:35:03Z,107444
2026-05-30T01:40:03Z,107815
2026-05-30T01:45:03Z,107930
2026-05-30T01:50:03Z,108099
2026-05-30T01:55:03Z,108122
2026-05-30T02:00:08Z,108232
2026-05-30T02:05:03Z,108093
2026-05-30T02:10:03Z,107824
2026-05-30T02:15:02Z,107919
2026-05-30T02:20:02Z,107688
2026-05-30T02:25:02Z,107730
2026-05-30T02:30:02Z,107604
2026-05-30T02:35:02Z,107476
2026-05-30T02:40:02Z,107106
2026-05-30T02:45:02Z,106738
2026-05-30T02:50:02Z,106253
2026-05-30T02:55:03Z,106016
2026-05-30T03:00:03Z,105608
2026-05-30T03:05:03Z,105191
2026-05-30T03:10:03Z,104853
2026-05-30T03:15:03Z,104323
2026-05-30T03:20:03Z,104004
2026-05-30T03:25:02Z,103498
2026-05-30T03:30:03Z,103099
2026-05-30T03:35:02Z,102362
2026-05-30T03:40:03Z,101962
2026-05-30T03:45:03Z,101098
2026-05-30T03:50:02Z,100611
2026-05-30T03:55:02Z,100010
2026-05-30T04:00:02Z,99403
2026-05-30T04:05:02Z,98101
2026-05-30T04:10:02Z,97133
2026-05-30T04:15:02Z,96264
2026-05-30T04:20:02Z,95465
2026-05-30T04:25:03Z,94623
2026-05-30T04:30:02Z,93659
2026-05-30T04:35:02Z,92454
2026-05-30T04:40:03Z,91665
2026-05-30T04:45:02Z,90951
2026-05-30T04:50:02Z,90154
2026-05-30T04:55:02Z,89051
2026-05-30T05:00:03Z,87824
2026-05-30T05:05:03Z,86781
2026-05-30T05:10:03Z,85807
2026-05-30T05:15:03Z,85072
2026-05-30T05:20:03Z,84075
2026-05-30T05:25:04Z,83219
2026-05-30T05:30:03Z,82302
2026-05-30T05:35:02Z,81614
2026-05-30T05:40:02Z,80825
2026-05-30T05:45:03Z,80268
2026-05-30T05:50:03Z,79475
2026-05-30T05:55:02Z,78545
2026-05-30T06:00:02Z,77708
2026-05-30T06:05:03Z,77191
2026-05-30T06:10:03Z,76979
2026-05-30T06:15:02Z,76437
2026-05-30T06:20:03Z,75950
2026-05-30T06:25:03Z,75155
2026-05-30T06:30:03Z,74435
2026-05-30T06:35:02Z,73933
2026-05-30T06:40:02Z,73442
2026-05-30T06:45:02Z,73166
2026-05-30T06:50:03Z,72601
2026-05-30T06:55:02Z,72034
2026-05-30T07:00:02Z,71432
2026-05-30T07:05:02Z,70942
2026-05-30T07:10:02Z,70794
2026-05-30T07:15:02Z,70418
2026-05-30T07:20:02Z,70085
2026-05-30T07:25:03Z,69570
2026-05-30T07:30:03Z,69268
2026-05-30T07:35:02Z,69098
2026-05-30T07:40:02Z,68880
2026-05-30T07:45:03Z,68827
2026-05-30T07:50:03Z,68649
2026-05-30T07:55:02Z,68324
2026-05-30T08:00:02Z,68106
2026-05-30T08:05:03Z,67962
2026-05-30T08:10:03Z,67817
2026-05-30T08:15:03Z,67671
2026-05-30T08:20:02Z,67642
2026-05-30T08:25:02Z,67417
2026-05-30T08:30:03Z,67209
2026-05-30T08:35:02Z,67111
2026-05-30T08:40:02Z,66953
2026-05-30T08:45:03Z,66939
2026-05-30T08:50:02Z,66799
2026-05-30T08:55:03Z,66621
2026-05-30T09:00:03Z,66608
2026-05-30T09:05:02Z,66609
2026-05-30T09:10:02Z,66635
2026-05-30T09:15:02Z,66726
2026-05-30T09:20:03Z,66910
2026-05-30T09:25:02Z,66961
2026-05-30T09:30:02Z,66970
2026-05-30T09:35:03Z,67281
2026-05-30T09:40:02Z,67454
2026-05-30T09:45:02Z,67746
2026-05-30T09:50:03Z,67976
2026-05-30T09:55:02Z,68261
2026-05-30T10:00:02Z,68241
2026-05-30T10:05:03Z,68198
2026-05-30T10:10:02Z,68474
2026-05-30T10:15:02Z,68737
2026-05-30T10:20:03Z,69116
2026-05-30T10:25:02Z,69565
2026-05-30T10:30:02Z,69848
2026-05-30T10:35:02Z,70238
2026-05-30T10:40:02Z,70438
2026-05-30T10:45:02Z,71128
2026-05-30T10:50:02Z,71280
2026-05-30T10:55:02Z,71883
2026-05-30T11:00:02Z,72064
2026-05-30T11:05:03Z,72624
2026-05-30T11:10:02Z,73003
2026-05-30T11:15:03Z,73765
2026-05-30T11:20:02Z,74190
2026-05-30T11:25:02Z,74544
2026-05-30T11:30:03Z,74992
2026-05-30T11:35:02Z,75756
2026-05-30T11:40:02Z,76402
2026-05-30T11:45:03Z,77029
2026-05-30T11:50:02Z,77548
2026-05-30T11:55:02Z,78026
2026-05-30T12:00:03Z,78290
2026-05-30T12:05:02Z,78516
2026-05-30T12:10:02Z,79164
2026-05-30T12:15:03Z,79878
2026-05-30T12:20:02Z,80342
2026-05-30T12:25:03Z,80965
2026-05-30T12:30:02Z,81495
2026-05-30T12:35:02Z,81927
2026-05-30T12:40:03Z,82768
2026-05-30T12:45:03Z,83469
2026-05-30T12:50:03Z,84111
2026-05-30T12:55:02Z,84694
2026-05-30T13:00:02Z,85389
2026-05-30T13:05:03Z,85851
2026-05-30T13:10:02Z,86504
2026-05-30T13:15:03Z,87217
2026-05-30T13:20:02Z,88056
2026-05-30T13:25:03Z,88696
2026-05-30T13:30:03Z,89328
2026-05-30T13:35:02Z,89933
2026-05-30T13:40:02Z,90501
2026-05-30T13:45:02Z,91223
2026-05-30T13:50:02Z,91812
2026-05-30T13:55:03Z,92223
2026-05-30T14:00:02Z,92894
2026-05-30T14:05:02Z,93457
2026-05-30T14:10:02Z,94085
2026-05-30T14:15:02Z,94795
2026-05-30T14:20:02Z,95464
2026-05-30T14:25:02Z,95794
2026-05-30T14:30:03Z,96487
2026-05-30T14:35:02Z,97122
2026-05-30T14:40:02Z,98027
2026-05-30T14:45:03Z,98547
2026-05-30T14:50:03Z,97520
2026-05-30T14:55:03Z,98094
2026-05-30T15:00:03Z,98392
2026-05-30T15:05:03Z,98669
2026-05-30T15:10:02Z,99132
2026-05-30T15:15:02Z,99392
2026-05-30T15:20:02Z,99983
2026-05-30T15:25:02Z,100204
2026-05-30T15:30:02Z,100613
2026-05-30T15:35:02Z,100940
2026-05-30T15:40:03Z,101461
2026-05-30T15:45:02Z,101924
2026-05-30T15:50:02Z,102450
2026-05-30T15:55:03Z,102621
2026-05-30T16:00:02Z,102636
2026-05-30T16:05:02Z,102778
2026-05-30T16:10:02Z,103039
2026-05-30T16:15:03Z,103420
2026-05-30T16:20:03Z,104078
2026-05-30T16:25:02Z,104630
2026-05-30T16:30:02Z,105094
2026-05-30T16:35:03Z,105485
2026-05-30T16:40:03Z,105756
2026-05-30T16:45:02Z,106003
2026-05-30T16:50:02Z,106521
2026-05-30T16:55:03Z,106666
2026-05-30T17:00:03Z,107012
2026-05-30T17:05:02Z,106422
2026-05-30T17:10:03Z,107564
2026-05-30T17:15:02Z,108094
2026-05-30T17:20:02Z,108563
2026-05-30T17:25:02Z,109071
2026-05-30T17:30:02Z,109195
2026-05-30T17:35:02Z,109609
2026-05-30T17:40:02Z,110024
2026-05-30T17:45:03Z,109839
2026-05-30T17:50:02Z,110490
2026-05-30T17:55:02Z,110780
2026-05-30T18:00:02Z,111148
2026-05-30T18:05:02Z,111613
2026-05-30T18:10:02Z,111288
2026-05-30T18:15:02Z,111871
2026-05-30T18:20:04Z,112029
2026-05-30T18:25:02Z,112642
2026-05-30T18:30:03Z,112915
2026-05-30T18:35:03Z,113236
2026-05-30T18:40:02Z,112438
2026-05-30T18:45:02Z,113413
2026-05-30T18:50:03Z,114166
2026-05-30T18:55:02Z,114111
2026-05-30T19:00:02Z,114300
2026-05-30T19:05:02Z,114348
2026-05-30T19:10:02Z,115150
2026-05-30T19:15:02Z,115653
2026-05-30T19:20:02Z,116183
2026-05-30T19:25:02Z,116664
2026-05-30T19:30:03Z,117218
2026-05-30T19:35:03Z,117549
2026-05-30T19:40:03Z,118025
2026-05-30T19:45:02Z,118595
2026-05-30T19:50:02Z,118931
2026-05-30T19:55:02Z,119034
2026-05-30T20:00:02Z,119403
2026-05-30T20:05:02Z,119555
2026-05-30T20:10:03Z,119942
2026-05-30T20:15:02Z,120178
2026-05-30T20:20:02Z,120407
2026-05-30T20:25:02Z,120395
2026-05-30T20:30:02Z,120404
2026-05-30T20:35:03Z,120665
2026-05-30T20:40:02Z,120931
2026-05-30T20:45:02Z,120926
2026-05-30T20:50:02Z,120591
2026-05-30T20:55:02Z,120463
2026-05-30T21:00:02Z,120226
2026-05-30T21:05:02Z,119875
2026-05-30T21:10:03Z,119641
2026-05-30T21:15:02Z,119481
2026-05-30T21:20:02Z,119206
2026-05-30T21:25:03Z,118950
2026-05-30T21:30:03Z,118488
2026-05-30T21:35:02Z,118246
2026-05-30T21:40:02Z,116775
2026-05-30T21:45:03Z,116733
2026-05-30T21:50:02Z,116584
2026-05-30T21:55:02Z,116180
2026-05-30T22:00:03Z,115662
2026-05-30T22:05:03Z,115206
2026-05-30T22:10:02Z,114941
2026-05-30T22:15:02Z,114513
2026-05-30T22:20:02Z,113931
2026-05-30T22:25:03Z,113392
2026-05-30T22:30:02Z,112908
2026-05-30T22:35:02Z,112571
2026-05-30T22:40:03Z,111924
2026-05-30T22:45:03Z,111456
2026-05-30T22:50:02Z,110994
2026-05-30T22:55:03Z,110523
2026-05-30T23:00:02Z,110195
2026-05-30T23:05:02Z,109718
2026-05-30T23:10:02Z,109494
2026-05-30T23:15:02Z,109047
2026-05-30T23:20:02Z,108979
2026-05-30T23:25:03Z,108790
2026-05-30T23:30:02Z,108679
2026-05-30T23:35:03Z,108352
2026-05-30T23:40:02Z,108345
2026-05-30T23:45:02Z,108330
2026-05-30T23:50:03Z,108277
2026-05-30T23:55:02Z,107994
2026-05-31T00:00:05Z,108105
2026-05-31T00:05:02Z,107929
2026-05-31T00:10:02Z,107804
2026-05-31T00:15:02Z,107833
2026-05-31T00:20:03Z,108050
2026-05-31T00:25:02Z,108069
2026-05-31T00:30:03Z,108135
2026-05-31T00:35:02Z,108344
2026-05-31T00:40:03Z,108584
2026-05-31T00:45:02Z,108918
2026-05-31T00:50:02Z,109432
2026-05-31T00:55:02Z,109820
2026-05-31T01:00:02Z,109888
2026-05-31T01:05:02Z,109943
2026-05-31T01:10:03Z,110335
2026-05-31T01:15:02Z,110775
2026-05-31T01:20:03Z,110943
2026-05-31T01:25:02Z,111240
2026-05-31T01:30:03Z,111589
2026-05-31T01:35:02Z,111693
2026-05-31T01:40:02Z,111591
2026-05-31T01:45:03Z,112015
2026-05-31T01:50:02Z,112281
2026-05-31T01:55:02Z,112219
2026-05-31T02:00:03Z,112265
2026-05-31T02:05:02Z,112179
2026-05-31T02:10:02Z,112150
2026-05-31T02:15:03Z,112143
2026-05-31T02:20:03Z,111177
2026-05-31T02:25:02Z,111677
2026-05-31T02:30:02Z,111731
2026-05-31T02:35:03Z,111737
2026-05-31T02:40:02Z,111456
2026-05-31T02:45:02Z,111072
2026-05-31T02:50:03Z,110493
2026-05-31T02:55:02Z,109750
2026-05-31T03:00:03Z,109382
2026-05-31T03:05:02Z,109161
2026-05-31T03:10:02Z,108695
2026-05-31T03:15:02Z,108667
2026-05-31T03:20:02Z,108228
2026-05-31T03:25:02Z,107770
2026-05-31T03:30:02Z,106964
2026-05-31T03:35:02Z,106519
2026-05-31T03:40:02Z,106056
2026-05-31T03:45:02Z,105517
2026-05-31T03:50:02Z,104906
2026-05-31T03:55:02Z,104221
2026-05-31T04:00:03Z,103434
2026-05-31T04:05:02Z,102225
2026-05-31T04:10:02Z,101610
2026-05-31T04:15:02Z,100710
2026-05-31T04:20:03Z,99904
2026-05-31T04:25:02Z,98980
2026-05-31T04:30:02Z,97927
2026-05-31T04:35:02Z,96736
2026-05-31T04:40:03Z,95527
2026-05-31T04:45:02Z,95313
2026-05-31T04:50:02Z,94504
2026-05-31T04:55:02Z,93538
2026-05-31T05:00:03Z,92550
2026-05-31T05:05:02Z,91344
2026-05-31T05:10:02Z,90198
2026-05-31T05:15:02Z,89569
2026-05-31T05:20:02Z,88771
2026-05-31T05:25:02Z,87929
2026-05-31T05:30:02Z,87085
2026-05-31T05:35:02Z,86039
2026-05-31T05:40:03Z,85602
2026-05-31T05:45:02Z,84635
2026-05-31T05:50:03Z,84030
2026-05-31T05:55:02Z,83430
2026-05-31T06:00:02Z,82502
2026-05-31T06:05:03Z,82148
2026-05-31T06:10:02Z,81605
2026-05-31T06:15:02Z,81155
2026-05-31T06:20:02Z,80613
2026-05-31T06:25:03Z,80640
2026-05-31T06:30:02Z,80241
2026-05-31T06:35:02Z,79579
2026-05-31T06:40:02Z,79111
2026-05-31T06:45:03Z,78417
2026-05-31T06:50:03Z,78264
2026-05-31T06:55:02Z,77086
2026-05-31T07:00:02Z,76469
2026-05-31T07:05:02Z,76210
2026-05-31T07:10:02Z,75720
2026-05-31T07:15:02Z,75504
2026-05-31T07:20:03Z,75232
2026-05-31T07:25:02Z,74997
2026-05-31T07:30:03Z,74744
2026-05-31T07:35:02Z,74201
2026-05-31T07:40:02Z,73940
2026-05-31T07:45:02Z,73572
2026-05-31T07:50:02Z,73404
2026-05-31T07:55:03Z,73253
2026-05-31T08:00:02Z,73056
2026-05-31T08:05:02Z,72894
2026-05-31T08:10:03Z,72604
2026-05-31T08:15:02Z,72480
2026-05-31T08:20:02Z,72520
2026-05-31T08:25:02Z,72429
2026-05-31T08:30:02Z,72253
2026-05-31T08:35:03Z,72134
2026-05-31T08:40:03Z,72352
2026-05-31T08:45:02Z,72239
2026-05-31T08:50:02Z,72312
2026-05-31T08:55:03Z,72208
2026-05-31T09:00:02Z,72220
2026-05-31T09:05:02Z,72240
2026-05-31T09:10:02Z,72625
2026-05-31T09:15:02Z,72783
2026-05-31T09:20:03Z,73282
2026-05-31T09:25:03Z,73486
2026-05-31T09:30:02Z,73430
2026-05-31T09:35:02Z,73422
2026-05-31T09:40:03Z,73668
2026-05-31T09:45:02Z,73881
2026-05-31T09:50:02Z,73926
2026-05-31T09:55:02Z,74087
2026-05-31T10:00:03Z,74189
2026-05-31T10:05:03Z,74389
2026-05-31T10:10:02Z,74571
2026-05-31T10:15:02Z,74968
2026-05-31T10:20:02Z,75344
2026-05-31T10:25:02Z,75743
2026-05-31T10:30:02Z,76217
2026-05-31T10:35:02Z,76655
2026-05-31T10:40:03Z,77084
2026-05-31T10:45:02Z,77392
2026-05-31T10:50:02Z,77729
2026-05-31T10:55:02Z,78023
2026-05-31T11:00:02Z,78223
2026-05-31T11:05:02Z,78580
2026-05-31T11:10:03Z,79011
2026-05-31T11:15:02Z,79555
2026-05-31T11:20:03Z,79924
2026-05-31T11:25:02Z,80301
2026-05-31T11:30:03Z,80728
2026-05-31T11:35:02Z,81166
2026-05-31T11:40:02Z,81490
2026-05-31T11:45:02Z,82076
2026-05-31T11:50:02Z,82526
2026-05-31T11:55:03Z,83171
2026-05-31T12:00:02Z,83557
2026-05-31T12:05:02Z,83968
2026-05-31T12:10:02Z,84649
2026-05-31T12:15:02Z,85132
2026-05-31T12:20:02Z,85566
2026-05-31T12:25:02Z,86289
2026-05-31T12:30:02Z,86148
2026-05-31T12:35:03Z,86855
2026-05-31T12:40:02Z,87502
2026-05-31T12:45:02Z,88026
2026-05-31T12:50:02Z,88599
2026-05-31T12:55:02Z,89398
2026-05-31T13:00:02Z,90029
2026-05-31T13:05:03Z,90587
2026-05-31T13:10:03Z,91351
2026-05-31T13:15:02Z,92235
2026-05-31T13:20:02Z,93109
2026-05-31T13:25:02Z,93947
2026-05-31T13:30:03Z,94685
2026-05-31T13:35:02Z,95730
2026-05-31T13:40:02Z,96428
2026-05-31T13:45:02Z,97200
2026-05-31T13:50:02Z,97921
2026-05-31T13:55:02Z,98289
2026-05-31T14:00:02Z,99218
2026-05-31T14:05:02Z,99819
2026-05-31T14:10:02Z,100738
2026-05-31T14:15:03Z,101441
2026-05-31T14:20:03Z,102279
2026-05-31T14:25:03Z,103126
2026-05-31T14:30:02Z,103876
2026-05-31T14:35:03Z,104521
2026-05-31T14:40:03Z,105281
2026-05-31T14:45:02Z,106032
2026-05-31T14:50:02Z,106953
2026-05-31T14:55:02Z,107447
2026-05-31T15:00:03Z,108207
2026-05-31T15:05:03Z,108786
2026-05-31T15:10:02Z,109709
2026-05-31T15:15:02Z,110487
2026-05-31T15:20:03Z,111106
2026-05-31T15:25:02Z,112036
2026-05-31T15:30:03Z,112451
2026-05-31T15:35:02Z,113103
2026-05-31T15:40:02Z,113603
2026-05-31T15:45:02Z,114015
2026-05-31T15:50:02Z,113327
2026-05-31T15:55:02Z,113598
2026-05-31T16:00:02Z,113978
2026-05-31T16:05:02Z,114309
2026-05-31T16:10:03Z,114901
2026-05-31T16:15:03Z,115140
2026-05-31T16:20:02Z,115606
2026-05-31T16:25:02Z,116156
2026-05-31T16:30:03Z,116864
2026-05-31T16:35:02Z,117340
2026-05-31T16:40:02Z,117434
2026-05-31T16:45:03Z,117988
2026-05-31T16:50:02Z,118653
2026-05-31T16:55:02Z,119488
2026-05-31T17:00:02Z,120016
2026-05-31T17:05:02Z,120411
2026-05-31T17:10:02Z,120904
2026-05-31T17:15:02Z,121587
2026-05-31T17:20:02Z,122052
2026-05-31T17:25:03Z,122695
2026-05-31T17:30:02Z,123206
2026-05-31T17:35:02Z,123943
2026-05-31T17:40:03Z,124543
2026-05-31T17:45:02Z,126644
2026-05-31T17:50:02Z,126632
2026-05-31T17:55:03Z,127280
2026-05-31T18:00:03Z,127801
2026-05-31T18:05:03Z,128298
2026-05-31T18:10:03Z,129251
2026-05-31T18:15:03Z,129548
2026-05-31T18:20:02Z,130021
2026-05-31T18:25:02Z,130628
2026-05-31T18:30:03Z,131069
2026-05-31T18:35:02Z,131870
2026-05-31T18:40:02Z,132556
2026-05-31T18:45:02Z,133184
2026-05-31T18:50:03Z,133568
2026-05-31T18:55:02Z,134193
2026-05-31T19:00:02Z,134614
2026-05-31T19:05:02Z,135154
2026-05-31T19:10:02Z,135878
2026-05-31T19:15:02Z,136258
2026-05-31T19:20:02Z,136511
2026-05-31T19:25:03Z,137205
2026-05-31T19:30:02Z,137625
2026-05-31T19:35:02Z,137823
2026-05-31T19:40:03Z,137911
2026-05-31T19:45:03Z,137777
2026-05-31T19:50:02Z,138026
2026-05-31T19:55:02Z,138095
2026-05-31T20:00:02Z,138121
2026-05-31T20:05:02Z,137781
2026-05-31T20:10:02Z,137609
2026-05-31T20:15:03Z,137076
2026-05-31T20:20:02Z,136900
2026-05-31T20:25:02Z,136575
2026-05-31T20:30:03Z,136225
2026-05-31T20:35:02Z,135945
2026-05-31T20:40:02Z,135608
2026-05-31T20:45:02Z,135485
2026-05-31T20:50:02Z,135019
2026-05-31T20:55:02Z,134163
2026-05-31T21:00:03Z,133367
2026-05-31T21:05:02Z,132298
2026-05-31T21:10:02Z,131459
2026-05-31T21:15:02Z,130666
2026-05-31T21:20:03Z,129966
2026-05-31T21:25:03Z,128805
2026-05-31T21:30:02Z,127674
2026-05-31T21:35:02Z,126746
2026-05-31T21:40:02Z,125701
2026-05-31T21:45:02Z,124866
2026-05-31T21:50:02Z,124170
2026-05-31T21:55:02Z,123475
2026-05-31T22:00:02Z,122441
2026-05-31T22:05:02Z,121537
2026-05-31T22:10:03Z,120749
2026-05-31T22:15:03Z,120406
2026-05-31T22:20:02Z,119764
2026-05-31T22:25:02Z,119234
2026-05-31T22:30:03Z,118760
2026-05-31T22:35:02Z,118348
2026-05-31T22:40:02Z,118154
2026-05-31T22:45:02Z,117845
2026-05-31T22:50:02Z,117249
2026-05-31T22:55:03Z,116774
2026-05-31T23:00:03Z,116450
2026-05-31T23:05:02Z,115890
2026-05-31T23:10:02Z,115642
2026-05-31T23:15:03Z,115403
2026-05-31T23:20:02Z,115310
2026-05-31T23:25:03Z,115159
2026-05-31T23:30:02Z,115094
2026-05-31T23:35:02Z,115155
2026-05-31T23:40:03Z,115212
2026-05-31T23:45:02Z,115217
2026-05-31T23:50:03Z,115582
2026-05-31T23:55:02Z,115633
2026-06-01T00:00:04Z,115611
2026-06-01T00:05:03Z,115635
2026-06-01T00:10:02Z,115885
2026-06-01T00:15:02Z,116198
2026-06-01T00:20:03Z,116409
2026-06-01T00:25:03Z,116665
2026-06-01T00:30:02Z,116552
2026-06-01T00:35:02Z,116568
2026-06-01T00:40:03Z,116752
2026-06-01T00:45:02Z,117294
2026-06-01T00:50:02Z,117227
2026-06-01T00:55:03Z,117513
2026-06-01T01:00:02Z,117565
2026-06-01T01:05:02Z,117533
2026-06-01T01:10:02Z,117725
2026-06-01T01:15:03Z,117791
2026-06-01T01:20:02Z,117804
2026-06-01T01:25:02Z,117892
2026-06-01T01:30:03Z,117753
2026-06-01T01:35:02Z,117672
2026-06-01T01:40:02Z,117465
2026-06-01T01:45:02Z,117188
2026-06-01T01:50:02Z,116824
2026-06-01T01:55:02Z,116559
2026-06-01T02:00:02Z,116014
2026-06-01T02:05:02Z,115487
2026-06-01T02:10:02Z,115121
2026-06-01T02:15:03Z,114414
2026-06-01T02:20:02Z,114106
2026-06-01T02:25:03Z,113473
2026-06-01T02:30:02Z,112787
2026-06-01T02:35:02Z,112106
2026-06-01T02:40:03Z,111413
2026-06-01T02:45:02Z,110963
2026-06-01T02:50:02Z,110300
2026-06-01T02:55:02Z,109552
2026-06-01T03:00:02Z,108058
2026-06-01T03:05:02Z,106837
2026-06-01T03:10:02Z,105999
2026-06-01T03:15:03Z,105041
2026-06-01T03:20:02Z,104166
2026-06-01T03:25:03Z,103222
2026-06-01T03:30:02Z,102044
2026-06-01T03:35:02Z,100965
2026-06-01T03:40:02Z,100017
2026-06-01T03:45:03Z,98955
2026-06-01T03:50:02Z,97910
2026-06-01T03:55:02Z,96765
2026-06-01T04:00:02Z,95750
2026-06-01T04:05:02Z,94340
2026-06-01T04:10:03Z,93172
2026-06-01T04:15:02Z,91949
2026-06-01T04:20:02Z,90999
2026-06-01T04:25:02Z,89751
2026-06-01T04:30:03Z,88667
2026-06-01T04:35:02Z,87514
2026-06-01T04:40:02Z,86349
2026-06-01T04:45:03Z,85207
2026-06-01T04:50:03Z,84402
2026-06-01T04:55:03Z,83580
2026-06-01T05:00:02Z,82416
2026-06-01T05:05:02Z,81585
2026-06-01T05:10:02Z,80623
2026-06-01T05:15:02Z,79788
2026-06-01T05:20:02Z,79043
2026-06-01T05:25:02Z,78340
2026-06-01T05:30:02Z,77477
2026-06-01T05:35:02Z,76912
2026-06-01T05:40:02Z,75959
2026-06-01T05:45:02Z,75382
2026-06-01T05:50:03Z,74863
2026-06-01T05:55:02Z,74222
2026-06-01T06:00:02Z,73724
2026-06-01T06:05:02Z,73045
2026-06-01T06:10:02Z,72671
2026-06-01T06:15:02Z,72437
2026-06-01T06:20:02Z,71989
2026-06-01T06:25:02Z,71635
2026-06-01T06:30:03Z,70734
2026-06-01T06:35:03Z,70466
2026-06-01T06:40:02Z,70263
2026-06-01T06:45:02Z,69721
2026-06-01T06:50:02Z,69454
2026-06-01T06:55:02Z,69181
2026-06-01T07:00:02Z,68989
2026-06-01T07:05:02Z,68672
2026-06-01T07:10:02Z,68466
2026-06-01T07:15:02Z,68515
2026-06-01T07:20:02Z,68197
2026-06-01T07:25:02Z,68088
2026-06-01T07:30:02Z,67893
2026-06-01T07:35:03Z,67797
2026-06-01T07:40:03Z,67642
2026-06-01T07:45:02Z,67399
2026-06-01T07:50:02Z,67293
2026-06-01T07:55:02Z,67170
2026-06-01T08:00:02Z,67009
2026-06-01T08:05:02Z,66897
2026-06-01T08:10:03Z,67002
2026-06-01T08:15:02Z,67154
2026-06-01T08:20:02Z,66930
2026-06-01T08:25:03Z,67043
2026-06-01T08:30:02Z,67119
2026-06-01T08:35:02Z,67257
2026-06-01T08:40:02Z,67319
2026-06-01T08:45:02Z,67415
2026-06-01T08:50:02Z,67644
2026-06-01T08:55:02Z,67744
2026-06-01T09:00:02Z,67886
2026-06-01T09:05:03Z,68064
2026-06-01T09:10:03Z,68244
2026-06-01T09:15:02Z,68341
2026-06-01T09:20:02Z,68669
2026-06-01T09:25:02Z,68842
2026-06-01T09:30:03Z,68857
2026-06-01T09:35:03Z,68979
2026-06-01T09:40:02Z,69342
2026-06-01T09:45:02Z,69633
2026-06-01T09:50:03Z,69853
2026-06-01T09:55:03Z,69960
2026-06-01T10:00:03Z,70092
2026-06-01T10:05:03Z,70238
2026-06-01T10:10:03Z,70548
2026-06-01T10:15:02Z,70719
2026-06-01T10:20:03Z,70993
2026-06-01T10:25:02Z,71340
2026-06-01T10:30:03Z,71475
2026-06-01T10:35:02Z,71559
2026-06-01T10:40:02Z,71849
2026-06-01T10:45:02Z,72196
2026-06-01T10:50:02Z,71962
2026-06-01T10:55:03Z,72413
2026-06-01T11:00:03Z,72542
2026-06-01T11:05:02Z,72839
2026-06-01T11:10:02Z,72478
2026-06-01T11:15:02Z,72485
2026-06-01T11:20:02Z,73238
2026-06-01T11:25:02Z,73630
2026-06-01T11:30:02Z,74089
2026-06-01T11:35:02Z,74507
2026-06-01T11:40:03Z,75320
2026-06-01T11:45:03Z,76057
2026-06-01T11:50:03Z,76450
2026-06-01T11:55:03Z,76662
2026-06-01T12:00:02Z,77150
2026-06-01T12:05:02Z,77695
2026-06-01T12:10:03Z,78096
2026-06-01T12:15:03Z,78736
2026-06-01T12:20:03Z,79363
2026-06-01T12:25:02Z,80266
2026-06-01T12:30:02Z,80988
2026-06-01T12:35:03Z,81798
2026-06-01T12:40:02Z,82675
2026-06-01T12:45:02Z,83324
2026-06-01T12:50:03Z,84131
2026-06-01T12:55:02Z,84796
2026-06-01T13:00:02Z,85311
2026-06-01T13:05:02Z,86064
2026-06-01T13:10:03Z,87285
2026-06-01T13:15:03Z,88136
2026-06-01T13:20:02Z,88991
2026-06-01T13:25:03Z,89881
2026-06-01T13:30:02Z,90565
2026-06-01T13:35:02Z,91498
2026-06-01T13:40:03Z,92442
2026-06-01T13:45:03Z,93093
2026-06-01T13:50:02Z,93761
2026-06-01T13:55:02Z,94403
2026-06-01T14:00:03Z,94813
2026-06-01T14:05:02Z,95358
2026-06-01T14:10:02Z,96069
2026-06-01T14:15:03Z,96781
2026-06-01T14:20:02Z,97419
2026-06-01T14:25:02Z,98166
2026-06-01T14:30:02Z,98734
2026-06-01T14:35:02Z,99376
2026-06-01T14:40:02Z,99923
2026-06-01T14:45:02Z,100693
2026-06-01T14:50:03Z,101253
2026-06-01T14:55:03Z,101697
2026-06-01T15:00:03Z,101810
2026-06-01T15:05:02Z,102092
2026-06-01T15:10:02Z,102501
2026-06-01T15:15:02Z,103055
2026-06-01T15:20:02Z,103670
2026-06-01T15:25:02Z,104243
2026-06-01T15:30:02Z,104454
2026-06-01T15:35:02Z,104898
2026-06-01T15:40:02Z,105362
2026-06-01T15:45:02Z,105574
2026-06-01T15:50:02Z,105715
2026-06-01T15:55:02Z,105917
2026-06-01T16:00:03Z,105554
2026-06-01T16:05:02Z,105512
2026-06-01T16:10:02Z,105729
2026-06-01T16:15:02Z,105624
2026-06-01T16:20:03Z,106002
2026-06-01T16:25:02Z,106438
2026-06-01T16:30:03Z,106711
2026-06-01T16:35:02Z,107290
2026-06-01T16:40:02Z,107853
2026-06-01T16:45:02Z,108356
2026-06-01T16:50:02Z,108827
2026-06-01T16:55:02Z,109120
2026-06-01T17:00:02Z,109215
2026-06-01T17:05:03Z,109707
2026-06-01T17:10:03Z,110165
2026-06-01T17:15:02Z,111231
2026-06-01T17:20:02Z,111780
2026-06-01T17:25:02Z,112501
2026-06-01T17:30:02Z,112935
2026-06-01T17:35:02Z,113503
2026-06-01T17:40:03Z,113963
2026-06-01T17:45:02Z,114609
2026-06-01T17:50:02Z,115156
2026-06-01T17:55:02Z,115652
2026-06-01T18:00:03Z,115992
2026-06-01T18:05:02Z,116778
2026-06-01T18:10:02Z,117380
2026-06-01T18:15:03Z,117783
2026-06-01T18:20:02Z,118672
2026-06-01T18:25:02Z,119296
2026-06-01T18:30:03Z,119493
2026-06-01T18:35:02Z,120019
2026-06-01T18:40:02Z,120522
2026-06-01T18:45:03Z,121077
2026-06-01T18:50:03Z,121483
2026-06-01T18:55:02Z,121617
2026-06-01T19:00:02Z,121647
2026-06-01T19:05:02Z,121781
2026-06-01T19:10:02Z,122133
2026-06-01T19:15:03Z,122555
2026-06-01T19:20:02Z,122907
2026-06-01T19:25:02Z,123072
2026-06-01T19:30:03Z,123076
2026-06-01T19:35:03Z,123359
2026-06-01T19:40:02Z,123441
2026-06-01T19:45:03Z,123680
2026-06-01T19:50:03Z,123748
2026-06-01T19:55:02Z,123329
2026-06-01T20:00:02Z,123040
2026-06-01T20:05:03Z,122870
2026-06-01T20:10:02Z,122517
2026-06-01T20:15:02Z,122364
2026-06-01T20:20:02Z,122155
2026-06-01T20:25:02Z,121984
2026-06-01T20:30:03Z,121478
2026-06-01T20:35:03Z,120969
2026-06-01T20:40:02Z,120638
2026-06-01T20:45:02Z,119969
2026-06-01T20:50:02Z,119565
2026-06-01T20:55:02Z,118758
2026-06-01T21:00:03Z,117792
2026-06-01T21:05:02Z,116665
2026-06-01T21:10:02Z,116096
2026-06-01T21:15:03Z,115435
2026-06-01T21:20:03Z,114843
2026-06-01T21:25:03Z,114225
2026-06-01T21:30:03Z,113570
2026-06-01T21:35:02Z,112773
2026-06-01T21:40:02Z,112486
2026-06-01T21:45:02Z,112171
2026-06-01T21:50:02Z,111639
2026-06-01T21:55:02Z,110990
2026-06-01T22:00:03Z,110182
2026-06-01T22:05:02Z,109497
2026-06-01T22:10:02Z,109054
2026-06-01T22:15:03Z,108952
2026-06-01T22:20:03Z,108608
2026-06-01T22:25:03Z,108511
2026-06-01T22:30:03Z,108203
2026-06-01T22:35:02Z,107895
2026-06-01T22:40:03Z,107926
2026-06-01T22:45:03Z,107729
2026-06-01T22:50:03Z,107840
2026-06-01T22:55:02Z,107613
2026-06-01T23:00:02Z,107444
2026-06-01T23:05:03Z,107356
2026-06-01T23:10:03Z,107325
2026-06-01T23:15:03Z,107520
2026-06-01T23:20:02Z,107596
2026-06-01T23:25:02Z,107766
2026-06-01T23:30:02Z,108028
2026-06-01T23:35:03Z,108125
2026-06-01T23:40:03Z,107985
2026-06-01T23:45:03Z,108391
2026-06-01T23:50:03Z,108806
2026-06-01T23:55:03Z,109003
2026-06-02T00:00:03Z,109243
2026-06-02T00:05:03Z,109280
2026-06-02T00:10:03Z,109737
2026-06-02T00:15:02Z,110119
2026-06-02T00:20:02Z,110557
2026-06-02T00:25:03Z,111124
2026-06-02T00:30:03Z,111586
2026-06-02T00:35:03Z,111867
2026-06-02T00:40:03Z,112455
2026-06-02T00:45:03Z,112959
2026-06-02T00:50:02Z,113115
2026-06-02T00:55:03Z,113483
2026-06-02T01:00:03Z,113825
2026-06-02T01:05:03Z,113955
2026-06-02T01:10:03Z,114254
2026-06-02T01:15:03Z,114299
2026-06-02T01:20:03Z,114543
2026-06-02T01:25:03Z,114747
2026-06-02T01:30:02Z,114677
2026-06-02T01:35:02Z,114872
2026-06-02T01:40:02Z,114975
2026-06-02T01:45:03Z,114931
2026-06-02T01:50:02Z,114848
2026-06-02T01:55:02Z,114538
2026-06-02T02:00:02Z,113942
2026-06-02T02:05:02Z,113352
2026-06-02T02:10:03Z,113016
2026-06-02T02:15:03Z,112487
2026-06-02T02:20:03Z,111962
2026-06-02T02:25:02Z,111560
2026-06-02T02:30:02Z,111014
2026-06-02T02:35:02Z,110389
2026-06-02T02:40:02Z,109924
2026-06-02T02:45:02Z,109018
2026-06-02T02:50:02Z,108135
2026-06-02T02:55:03Z,107292
2026-06-02T03:00:03Z,105846
2026-06-02T03:05:02Z,104497
2026-06-02T03:10:02Z,103486
2026-06-02T03:15:03Z,102648
2026-06-02T03:20:03Z,101423
2026-06-02T03:25:02Z,100709
2026-06-02T03:30:03Z,99697
2026-06-02T03:35:03Z,98603
2026-06-02T03:40:03Z,97770
2026-06-02T03:45:03Z,96999
2026-06-02T03:50:03Z,96160
2026-06-02T03:55:02Z,95343
2026-06-02T04:00:02Z,94125
2026-06-02T04:05:02Z,92494
2026-06-02T04:10:02Z,91438
2026-06-02T04:15:02Z,90338
2026-06-02T04:20:02Z,89363
2026-06-02T04:25:02Z,88373
2026-06-02T04:30:02Z,87282
2026-06-02T04:35:03Z,86335
2026-06-02T04:40:03Z,85240
2026-06-02T04:45:03Z,84375
2026-06-02T04:50:03Z,83490
2026-06-02T04:55:03Z,82526
2026-06-02T05:00:03Z,81663
2026-06-02T05:05:02Z,80733
2026-06-02T05:10:02Z,79662
2026-06-02T05:15:02Z,78766
2026-06-02T05:20:02Z,78060
2026-06-02T05:25:03Z,77342
2026-06-02T05:30:03Z,76337
2026-06-02T05:35:02Z,75774
2026-06-02T05:40:02Z,75081
2026-06-02T05:45:03Z,74467
2026-06-02T05:50:03Z,73894
2026-06-02T05:55:02Z,73357
2026-06-02T06:00:02Z,72405
2026-06-02T06:05:02Z,72149
2026-06-02T06:10:03Z,71810
2026-06-02T06:15:03Z,71387
2026-06-02T06:20:02Z,71020
2026-06-02T06:25:03Z,70643
2026-06-02T06:30:02Z,70079
2026-06-02T06:35:02Z,69717
2026-06-02T06:40:03Z,69279
2026-06-02T06:45:03Z,69079
2026-06-02T06:50:03Z,68827
2026-06-02T06:55:02Z,68379
2026-06-02T07:00:03Z,67916
2026-06-02T07:05:02Z,67718
2026-06-02T07:10:02Z,67449
2026-06-02T07:15:03Z,67055
2026-06-02T07:20:03Z,66954
2026-06-02T07:25:02Z,66698
2026-06-02T07:30:02Z,66381
2026-06-02T07:35:03Z,66247
2026-06-02T07:40:02Z,66271
2026-06-02T07:45:02Z,66284
2026-06-02T07:50:03Z,66222
2026-06-02T07:55:02Z,66195
2026-06-02T08:00:02Z,66382
2026-06-02T08:05:03Z,66324
2026-06-02T08:10:03Z,65584
2026-06-02T08:15:02Z,65729
2026-06-02T08:20:03Z,65970
2026-06-02T08:25:03Z,66055
2026-06-02T08:30:02Z,65939
2026-06-02T08:35:02Z,32825
2026-06-02T08:40:02Z,63169
2026-06-02T08:45:02Z,62784
2026-06-02T08:50:03Z,61072
2026-06-02T08:55:03Z,58244
2026-06-02T09:00:03Z,44476
2026-06-02T09:15:03Z,2469
2026-06-02T09:20:02Z,16068
2026-06-02T09:25:02Z,26082
2026-06-02T09:30:03Z,33043
2026-06-02T09:35:03Z,39347
2026-06-02T09:40:02Z,44038
2026-06-02T09:45:03Z,47482
2026-06-02T09:50:02Z,50405
2026-06-02T09:55:02Z,52776
2026-06-02T10:00:03Z,54478
2026-06-02T10:05:03Z,55959
2026-06-02T10:10:02Z,57665
2026-06-02T10:15:02Z,59074
2026-06-02T10:20:03Z,59289
2026-06-02T10:25:02Z,60527
2026-06-02T10:30:03Z,61163
2026-06-02T10:35:02Z,62038
2026-06-02T10:40:03Z,62765
2026-06-02T10:45:03Z,63535
2026-06-02T10:50:02Z,64147
2026-06-02T10:55:03Z,64802
2026-06-02T11:00:03Z,64895
2026-06-02T11:05:02Z,65402
2026-06-02T11:10:02Z,65970
2026-06-02T11:15:03Z,66659
2026-06-02T11:20:02Z,67304
2026-06-02T11:25:02Z,67970
2026-06-02T11:30:03Z,68633
2026-06-02T11:35:03Z,69230
2026-06-02T11:40:03Z,70078
2026-06-02T11:45:02Z,70698
2026-06-02T11:50:02Z,71294
2026-06-02T11:55:02Z,72015
2026-06-02T12:00:03Z,72379
2026-06-02T12:05:02Z,72771
2026-06-02T12:10:03Z,73831
2026-06-02T12:15:03Z,74308
2026-06-02T12:20:02Z,74980
2026-06-02T12:25:03Z,75741
2026-06-02T12:30:02Z,76250
2026-06-02T12:35:02Z,76978
2026-06-02T12:40:02Z,77873
2026-06-02T12:45:03Z,78788
2026-06-02T12:50:02Z,79171
2026-06-02T12:55:03Z,80072
2026-06-02T13:00:02Z,80791
2026-06-02T13:05:03Z,81786
2026-06-02T13:10:03Z,82910
2026-06-02T13:15:02Z,83751
2026-06-02T13:20:02Z,84784
2026-06-02T13:25:03Z,85696
2026-06-02T13:30:02Z,86156
2026-06-02T13:35:03Z,86951
2026-06-02T13:40:02Z,87782
2026-06-02T13:45:03Z,88183
2026-06-02T13:50:02Z,88805
2026-06-02T13:55:03Z,89242
2026-06-02T14:00:03Z,89767
2026-06-02T14:05:03Z,90344
2026-06-02T14:10:03Z,91106
2026-06-02T14:15:02Z,91819
2026-06-02T14:20:03Z,92145
2026-06-02T14:25:03Z,92680
2026-06-02T14:30:03Z,93339
2026-06-02T14:35:03Z,93797
2026-06-02T14:40:03Z,94426
2026-06-02T14:45:02Z,95076
2026-06-02T14:50:02Z,95536
2026-06-02T14:55:02Z,96139
2026-06-02T15:00:03Z,96546
2026-06-02T15:05:03Z,96835
2026-06-02T15:10:03Z,97383
2026-06-02T15:15:03Z,98012
2026-06-02T15:20:03Z,98339
2026-06-02T15:25:02Z,98730
2026-06-02T15:30:03Z,98980
2026-06-02T15:35:02Z,99373
2026-06-02T15:40:03Z,99839
2026-06-02T15:45:02Z,100209
2026-06-02T15:50:02Z,100219
2026-06-02T15:55:02Z,100423
2026-06-02T16:00:03Z,100483
2026-06-02T16:05:03Z,100609
2026-06-02T16:10:03Z,100749
2026-06-02T16:15:02Z,101031
2026-06-02T16:20:03Z,101498
2026-06-02T16:25:03Z,102280
2026-06-02T16:30:02Z,102501
2026-06-02T16:35:03Z,102838
2026-06-02T16:40:02Z,103605
2026-06-02T16:45:03Z,104072
2026-06-02T16:50:03Z,104266
2026-06-02T16:55:02Z,104391
2026-06-02T17:00:03Z,104799
2026-06-02T17:05:02Z,105382
2026-06-02T17:10:02Z,105956
2026-06-02T17:15:03Z,106429
2026-06-02T17:20:03Z,106992
2026-06-02T17:25:03Z,107215
2026-06-02T17:30:03Z,107687
2026-06-02T17:35:03Z,108208
2026-06-02T17:40:03Z,108613
2026-06-02T17:45:03Z,109348
2026-06-02T17:50:02Z,110186
2026-06-02T17:55:02Z,110833
2026-06-02T18:00:03Z,111200
2026-06-02T18:05:02Z,111430
2026-06-02T18:10:03Z,111933
2026-06-02T18:15:02Z,112763
2026-06-02T18:20:02Z,113309
2026-06-02T18:25:02Z,113753
2026-06-02T18:30:02Z,114319
2026-06-02T18:35:03Z,114756
2026-06-02T18:40:02Z,115256
2026-06-02T18:45:03Z,115726
2026-06-02T18:50:02Z,116209
2026-06-02T18:55:02Z,116491
2026-06-02T19:00:03Z,116697
2026-06-02T19:05:03Z,116952
2026-06-02T19:10:02Z,117234
2026-06-02T19:15:03Z,117556
2026-06-02T19:20:02Z,118106
2026-06-02T19:25:03Z,118337
2026-06-02T19:30:03Z,118356
2026-06-02T19:35:02Z,118260
2026-06-02T19:40:02Z,118663
2026-06-02T19:45:03Z,118714
2026-06-02T19:50:02Z,118808
2026-06-02T19:55:03Z,118365
2026-06-02T20:00:03Z,118241
2026-06-02T20:05:03Z,117959
2026-06-02T20:10:03Z,117854
2026-06-02T20:15:02Z,117208
2026-06-02T20:20:03Z,116979
2026-06-02T20:25:02Z,116533
2026-06-02T20:30:03Z,116065
2026-06-02T20:35:02Z,115350
2026-06-02T20:40:02Z,115118
2026-06-02T20:45:02Z,114821
2026-06-02T20:50:03Z,114606
2026-06-02T20:55:02Z,113744
2026-06-02T21:00:03Z,112954
2026-06-02T21:05:02Z,111884
2026-06-02T21:10:03Z,111156
2026-06-02T21:15:02Z,110327
2026-06-02T21:20:03Z,109998
2026-06-02T21:25:02Z,109407
2026-06-02T21:30:03Z,108954
2026-06-02T21:35:03Z,108049
2026-06-02T21:40:02Z,104599
2026-06-02T21:45:03Z,106556
2026-06-02T21:50:03Z,106155
2026-06-02T21:55:02Z,105590
2026-06-02T22:00:02Z,104684
2026-06-02T22:05:03Z,104103
2026-06-02T22:10:03Z,103922
2026-06-02T22:15:02Z,103691
2026-06-02T22:20:02Z,103491
2026-06-02T22:25:03Z,103275
2026-06-02T22:30:03Z,102766
2026-06-02T22:35:03Z,102458
2026-06-02T22:40:03Z,102530
2026-06-02T22:45:02Z,102390
2026-06-02T22:50:02Z,102141
2026-06-02T22:55:03Z,101758
2026-06-02T23:00:03Z,101557
2026-06-02T23:05:02Z,101304
2026-06-02T23:10:02Z,101337
2026-06-02T23:15:03Z,101439
2026-06-02T23:20:02Z,101466
2026-06-02T23:25:03Z,101522
2026-06-02T23:30:03Z,101547
2026-06-02T23:35:02Z,101554
2026-06-02T23:40:02Z,101926
2026-06-02T23:45:03Z,102226
2026-06-02T23:50:03Z,102633
2026-06-02T23:55:03Z,102810
2026-06-03T00:00:02Z,103133
2026-06-03T00:05:03Z,103394
2026-06-03T00:10:03Z,103888
2026-06-03T00:15:02Z,104327
2026-06-03T00:20:02Z,104818
2026-06-03T00:25:03Z,105348
2026-06-03T00:30:03Z,105711
2026-06-03T00:35:03Z,106319
2026-06-03T00:40:03Z,106868
2026-06-03T00:45:02Z,107136
2026-06-03T00:50:02Z,107457
2026-06-03T00:55:02Z,107685
2026-06-03T01:00:02Z,107817
2026-06-03T01:05:03Z,107917
2026-06-03T01:10:03Z,108487
2026-06-03T01:15:02Z,108819
2026-06-03T01:20:03Z,109165
2026-06-03T01:25:03Z,109332
2026-06-03T01:30:03Z,109375
2026-06-03T01:35:02Z,109385
2026-06-03T01:40:02Z,109185
2026-06-03T01:45:02Z,109321
2026-06-03T01:50:03Z,109224
2026-06-03T01:55:02Z,109007
2026-06-03T02:00:02Z,108597
2026-06-03T02:05:03Z,108050
2026-06-03T02:10:04Z,107811
2026-06-03T02:15:03Z,107446
2026-06-03T02:20:02Z,106980
2026-06-03T02:25:03Z,106452
2026-06-03T02:30:03Z,106044
2026-06-03T02:35:02Z,105209
2026-06-03T02:40:02Z,104371
2026-06-03T02:45:03Z,103728
2026-06-03T02:50:03Z,103006
2026-06-03T02:55:03Z,102207
2026-06-03T03:00:03Z,101298
2026-06-03T03:05:03Z,100237
2026-06-03T03:10:03Z,99542
2026-06-03T03:15:02Z,98755
2026-06-03T03:20:02Z,97675
2026-06-03T03:25:02Z,96714
2026-06-03T03:30:03Z,95792
2026-06-03T03:35:03Z,94781
2026-06-03T03:40:03Z,94104
2026-06-03T03:45:02Z,93204
2026-06-03T03:50:03Z,92165
2026-06-03T03:55:03Z,90993
2026-06-03T04:00:03Z,89832
2026-06-03T04:05:03Z,88140
2026-06-03T04:10:02Z,87153
2026-06-03T04:15:02Z,85932
2026-06-03T04:20:03Z,84964
2026-06-03T04:25:02Z,83917
2026-06-03T04:30:03Z,82860
2026-06-03T04:35:03Z,81719
2026-06-03T04:40:03Z,80892
2026-06-03T04:45:03Z,79901
2026-06-03T04:50:03Z,78978
2026-06-03T04:55:03Z,77987
2026-06-03T05:00:03Z,77090
2026-06-03T05:05:02Z,75734
2026-06-03T05:10:02Z,74750
2026-06-03T05:15:02Z,74041
2026-06-03T05:20:02Z,73332
2026-06-03T05:25:02Z,72656
2026-06-03T05:30:02Z,71969
2026-06-03T05:35:02Z,71317
2026-06-03T05:40:02Z,70737
2026-06-03T05:45:03Z,70267
2026-06-03T05:50:03Z,69605
2026-06-03T05:55:03Z,68996
2026-06-03T06:00:02Z,68301
2026-06-03T06:05:02Z,67784
2026-06-03T06:10:04Z,67738
2026-06-03T06:15:03Z,67335
2026-06-03T06:20:02Z,66947
2026-06-03T06:25:02Z,66824
2026-06-03T06:30:03Z,66615
2026-06-03T06:35:03Z,66305
2026-06-03T06:40:03Z,66043
2026-06-03T06:45:02Z,65700
2026-06-03T06:50:03Z,65523
2026-06-03T06:55:02Z,65292
2026-06-03T07:00:03Z,64921
2026-06-03T07:05:03Z,64744
2026-06-03T07:10:03Z,64511
2026-06-03T07:15:03Z,64358
2026-06-03T07:20:03Z,64161
2026-06-03T07:25:03Z,64240
2026-06-03T07:30:03Z,63867
2026-06-03T07:35:02Z,63688
2026-06-03T07:40:03Z,63746
2026-06-03T07:45:02Z,63796
2026-06-03T07:50:03Z,63739
2026-06-03T07:55:02Z,63643
2026-06-03T08:00:03Z,63452
2026-06-03T08:05:02Z,63529
2026-06-03T08:10:03Z,63418
2026-06-03T08:15:03Z,63462
2026-06-03T08:20:02Z,63538
2026-06-03T08:25:03Z,63606
2026-06-03T08:30:03Z,63472
2026-06-03T08:35:02Z,63629
2026-06-03T08:40:02Z,63812
2026-06-03T08:45:03Z,63682
2026-06-03T08:50:03Z,63734
2026-06-03T08:55:03Z,63578
2026-06-03T09:00:02Z,63528
2026-06-03T09:05:03Z,63682
2026-06-03T09:10:02Z,63824
2026-06-03T09:15:03Z,64066
2026-06-03T09:20:02Z,64183
2026-06-03T09:25:03Z,64565
2026-06-03T09:30:02Z,64876
2026-06-03T09:35:03Z,65082
2026-06-03T09:40:02Z,65558
2026-06-03T09:45:03Z,65803
2026-06-03T09:50:02Z,64795
2026-06-03T09:55:03Z,64492
2026-06-03T10:00:02Z,64137
2026-06-03T10:05:03Z,62618
2026-06-03T10:10:02Z,62485
2026-06-03T10:15:03Z,61783
2026-06-03T10:20:03Z,60582
2026-06-03T10:25:02Z,57672
2026-06-03T10:30:03Z,42438
2026-06-03T10:35:02Z,20072
2026-06-03T10:40:02Z,29353
2026-06-03T10:45:02Z,34851
2026-06-03T10:50:03Z,39465
2026-06-03T10:55:03Z,43772
2026-06-03T11:00:04Z,47441
2026-06-03T11:05:03Z,50114
2026-06-03T11:10:02Z,52210
2026-06-03T11:15:03Z,54455
2026-06-03T11:20:02Z,56438
2026-06-03T11:25:03Z,58119
2026-06-03T11:30:03Z,59573
2026-06-03T11:35:03Z,61692
2026-06-03T11:40:02Z,63022
2026-06-03T11:45:02Z,64291
2026-06-03T11:50:02Z,65388
2026-06-03T11:55:02Z,66342
2026-06-03T12:00:03Z,66945
2026-06-03T12:05:03Z,67891
2026-06-03T12:10:03Z,69024
2026-06-03T12:15:02Z,69973
2026-06-03T12:20:03Z,70806
2026-06-03T12:25:02Z,71615
2026-06-03T12:30:02Z,72519
2026-06-03T12:35:02Z,73492
2026-06-03T12:40:02Z,74433
2026-06-03T12:45:02Z,75334
2026-06-03T12:50:03Z,75986
2026-06-03T12:55:02Z,76788
2026-06-03T13:00:03Z,77409
2026-06-03T13:05:02Z,76718
2026-06-03T13:10:02Z,76866
2026-06-03T13:15:03Z,76746
2026-06-03T13:20:03Z,75916
2026-06-03T13:25:02Z,73153
2026-06-03T13:30:03Z,54391
2026-06-03T13:35:02Z,33210
2026-06-03T13:40:02Z,47565
2026-06-03T13:45:03Z,56245
2026-06-03T13:50:02Z,62241
2026-06-03T13:55:03Z,66780
2026-06-03T14:00:02Z,70376
2026-06-03T14:05:03Z,73289
2026-06-03T14:10:02Z,75737
2026-06-03T14:15:03Z,77979
2026-06-03T14:20:02Z,79823
2026-06-03T14:25:03Z,81538
2026-06-03T14:30:03Z,83041
2026-06-03T14:35:02Z,84295
2026-06-03T14:40:03Z,85673
2026-06-03T14:45:02Z,86752
2026-06-03T14:50:03Z,87728
2026-06-03T14:55:03Z,88651
2026-06-03T15:00:02Z,89322
2026-06-03T15:05:03Z,90203
2026-06-03T15:10:03Z,91050
2026-06-03T15:15:02Z,92080
2026-06-03T15:20:02Z,92696
2026-06-03T15:25:02Z,93427
2026-06-03T15:30:03Z,93831
2026-06-03T15:35:03Z,94184
2026-06-03T15:40:03Z,94729
2026-06-03T15:45:03Z,95065
2026-06-03T15:50:02Z,95429
2026-06-03T15:55:02Z,95535
2026-06-03T16:00:03Z,95552
2026-06-03T16:05:02Z,95569
2026-06-03T16:10:02Z,96118
2026-06-03T16:15:02Z,96428
2026-06-03T16:20:03Z,96975
2026-06-03T16:25:03Z,97383
2026-06-03T16:30:03Z,97643
2026-06-03T16:35:03Z,97746
2026-06-03T16:40:02Z,98221
2026-06-03T16:45:02Z,98689
2026-06-03T16:50:02Z,98853
2026-06-03T16:55:03Z,99087
2026-06-03T17:00:02Z,99337
2026-06-03T17:05:02Z,100027
2026-06-03T17:10:02Z,100754
2026-06-03T17:15:03Z,101370
2026-06-03T17:20:03Z,102042
2026-06-03T17:25:03Z,102673
2026-06-03T17:30:02Z,103319
2026-06-03T17:35:02Z,103881
2026-06-03T17:40:03Z,105184
2026-06-03T17:45:02Z,106244
2026-06-03T17:50:03Z,106943
2026-06-03T17:55:03Z,107434
2026-06-03T18:00:03Z,107629
2026-06-03T18:05:03Z,108253
2026-06-03T18:10:03Z,108998
2026-06-03T18:15:03Z,109175
2026-06-03T18:20:03Z,109569
2026-06-03T18:25:02Z,109965
2026-06-03T18:30:03Z,110196
2026-06-03T18:35:03Z,110493
2026-06-03T18:40:03Z,110928
2026-06-03T18:45:02Z,111372
2026-06-03T18:50:03Z,111997
2026-06-03T18:55:02Z,112124
2026-06-03T19:00:02Z,112184
2026-06-03T19:05:03Z,112491
2026-06-03T19:10:02Z,112942
2026-06-03T19:15:02Z,113411
2026-06-03T19:20:03Z,113449
2026-06-03T19:25:03Z,113575
2026-06-03T19:30:03Z,113627
2026-06-03T19:35:02Z,113527
2026-06-03T19:40:02Z,113552
2026-06-03T19:45:02Z,113624
2026-06-03T19:50:02Z,113709
2026-06-03T19:55:03Z,113699
2026-06-03T20:00:02Z,113422
2026-06-03T20:05:03Z,113064
2026-06-03T20:10:02Z,113070
2026-06-03T20:15:03Z,112706
2026-06-03T20:20:03Z,112248
2026-06-03T20:25:02Z,111959
2026-06-03T20:30:03Z,111487
2026-06-03T20:35:03Z,110972
2026-06-03T20:40:03Z,110605
2026-06-03T20:45:02Z,110225
2026-06-03T20:50:03Z,109743
2026-06-03T20:55:02Z,109196
2026-06-03T21:00:03Z,108225
2026-06-03T21:05:02Z,107220
2026-06-03T21:10:02Z,106122
2026-06-03T21:15:02Z,105465
2026-06-03T21:20:03Z,104996
2026-06-03T21:25:03Z,104533
2026-06-03T21:30:03Z,103647
2026-06-03T21:35:03Z,103035
2026-06-03T21:40:03Z,102493
2026-06-03T21:45:03Z,102089
2026-06-03T21:50:03Z,101614
2026-06-03T21:55:03Z,101009
2026-06-03T22:00:02Z,100231
2026-06-03T22:05:03Z,99456
2026-06-03T22:10:02Z,99102
2026-06-03T22:15:02Z,98723
2026-06-03T22:20:03Z,98623
2026-06-03T22:25:02Z,98427
2026-06-03T22:30:02Z,98032
2026-06-03T22:35:03Z,97772
2026-06-03T22:40:03Z,97538
2026-06-03T22:45:03Z,96992
2026-06-03T22:50:03Z,96775
2026-06-03T22:55:02Z,96454
2026-06-03T23:00:03Z,96251
2026-06-03T23:05:03Z,96121
2026-06-03T23:10:03Z,96026
2026-06-03T23:15:02Z,96065
2026-06-03T23:20:02Z,96010
2026-06-03T23:25:02Z,96144
2026-06-03T23:30:03Z,96269
2026-06-03T23:35:03Z,96269
2026-06-03T23:40:03Z,96600
2026-06-03T23:45:02Z,96670
2026-06-03T23:50:02Z,96960
2026-06-03T23:55:02Z,97341
2026-06-04T00:00:03Z,97278
2026-06-04T00:05:02Z,97332
2026-06-04T00:10:02Z,97804
2026-06-04T00:15:02Z,98145
2026-06-04T00:20:03Z,98507
2026-06-04T00:25:03Z,98852
2026-06-04T00:30:03Z,99440
2026-06-04T00:35:03Z,99876
2026-06-04T00:40:03Z,100274
2026-06-04T00:45:02Z,100639
2026-06-04T00:50:02Z,100868
2026-06-04T00:55:02Z,101333
2026-06-04T01:00:03Z,101321
2026-06-04T01:05:03Z,101692
2026-06-04T01:10:03Z,102075
2026-06-04T01:15:02Z,102490
2026-06-04T01:20:03Z,102732
2026-06-04T01:25:02Z,102968
2026-06-04T01:30:03Z,103104
2026-06-04T01:35:03Z,104027
2026-06-04T01:40:03Z,104313
2026-06-04T01:45:02Z,104340
2026-06-04T01:50:03Z,104116
2026-06-04T01:55:02Z,104283
2026-06-04T02:00:02Z,103944
2026-06-04T02:05:02Z,103558
2026-06-04T02:10:03Z,103331
2026-06-04T02:15:03Z,103027
2026-06-04T02:20:03Z,102740
2026-06-04T02:25:03Z,102513
2026-06-04T02:30:03Z,101876
2026-06-04T02:35:03Z,101524
2026-06-04T02:40:03Z,100985
2026-06-04T02:45:02Z,100511
2026-06-04T02:50:03Z,100143
2026-06-04T02:55:03Z,99507
2026-06-04T03:00:03Z,98712
2026-06-04T03:05:03Z,97756
2026-06-04T03:10:03Z,96852
2026-06-04T03:15:03Z,95847
2026-06-04T03:20:02Z,94709
2026-06-04T03:25:02Z,93934
2026-06-04T03:30:02Z,92941
2026-06-04T03:35:02Z,92140
2026-06-04T03:40:02Z,91214
2026-06-04T03:45:03Z,90454
2026-06-04T03:50:03Z,89328
2026-06-04T03:55:03Z,88452
2026-06-04T04:00:03Z,87525
2026-06-04T04:05:03Z,85423
2026-06-04T04:10:03Z,84548
2026-06-04T04:15:03Z,83631
2026-06-04T04:20:02Z,82963
2026-06-04T04:25:02Z,81593
2026-06-04T04:30:03Z,80587
2026-06-04T04:35:03Z,79760
2026-06-04T04:40:03Z,78862
2026-06-04T04:45:03Z,78023
2026-06-04T04:50:02Z,77035
2026-06-04T04:55:02Z,76145
2026-06-04T05:00:02Z,75202
2026-06-04T05:05:03Z,74057
2026-06-04T05:10:03Z,73425
2026-06-04T05:15:02Z,72680
2026-06-04T05:20:02Z,72067
2026-06-04T05:25:02Z,71303
2026-06-04T05:30:02Z,70482
2026-06-04T05:35:02Z,69727
2026-06-04T05:40:02Z,69146
2026-06-04T05:45:02Z,68531
2026-06-04T05:50:03Z,67902
2026-06-04T05:55:02Z,67309
2026-06-04T06:00:03Z,66665
2026-06-04T06:05:02Z,66133
2026-06-04T06:10:02Z,65829
2026-06-04T06:15:03Z,65972
2026-06-04T06:20:03Z,65671
2026-06-04T06:25:03Z,65416
2026-06-04T06:30:02Z,64787
2026-06-04T06:35:03Z,64528
2026-06-04T06:40:02Z,64364
2026-06-04T06:45:02Z,64232
2026-06-04T06:50:02Z,64124
2026-06-04T06:55:02Z,63863
2026-06-04T07:00:03Z,63655
2026-06-04T07:05:02Z,63331
2026-06-04T07:10:02Z,63087
2026-06-04T07:15:02Z,63112
2026-06-04T07:20:02Z,63016
2026-06-04T07:25:03Z,62831
2026-06-04T07:30:02Z,62751
2026-06-04T07:35:03Z,62808
2026-06-04T07:40:03Z,62792
2026-06-04T07:45:02Z,62708
2026-06-04T07:50:02Z,62596
2026-06-04T07:55:02Z,62537
2026-06-04T08:00:03Z,62167
2026-06-04T08:05:02Z,62242
2026-06-04T08:10:03Z,62270
2026-06-04T08:15:02Z,62453
2026-06-04T08:20:03Z,62591
2026-06-04T08:25:02Z,62428
2026-06-04T08:30:02Z,62486
2026-06-04T08:35:03Z,62561
2026-06-04T08:40:02Z,62494
2026-06-04T08:45:02Z,62700
2026-06-04T08:50:03Z,62876
2026-06-04T08:55:02Z,62181
2026-06-04T09:00:02Z,62293
2026-06-04T09:05:03Z,62337
2026-06-04T09:10:02Z,62683
2026-06-04T09:15:02Z,62882
2026-06-04T09:20:02Z,62952
2026-06-04T09:25:02Z,63530
2026-06-04T09:30:03Z,63593
2026-06-04T09:35:03Z,63639
2026-06-04T09:40:02Z,63747
2026-06-04T09:45:02Z,64010
2026-06-04T09:50:02Z,63971
2026-06-04T09:55:03Z,64183
2026-06-04T10:00:03Z,64120
2026-06-04T10:05:02Z,64219
2026-06-04T10:10:03Z,64460
2026-06-04T10:15:02Z,64778
2026-06-04T10:20:02Z,65060
2026-06-04T10:25:02Z,65223
2026-06-04T10:30:03Z,65315
2026-06-04T10:35:03Z,65697
2026-06-04T10:40:02Z,66113
2026-06-04T10:45:02Z,66490
2026-06-04T10:50:02Z,66669
2026-06-04T10:55:02Z,66884
2026-06-04T11:00:02Z,67163
2026-06-04T11:05:02Z,67377
2026-06-04T11:10:02Z,67897
2026-06-04T11:15:02Z,68580
2026-06-04T11:20:02Z,69013
2026-06-04T11:25:03Z,69546
2026-06-04T11:30:02Z,69836
2026-06-04T11:35:02Z,70220
2026-06-04T11:40:02Z,70609
2026-06-04T11:45:03Z,71378
2026-06-04T11:50:03Z,71880
2026-06-04T11:55:03Z,72289
2026-06-04T12:00:03Z,72460
2026-06-04T12:05:03Z,72916
2026-06-04T12:10:04Z,73081
2026-06-04T12:15:03Z,73701
2026-06-04T12:20:02Z,74365
2026-06-04T12:25:03Z,74841
2026-06-04T12:30:02Z,75301
2026-06-04T12:35:02Z,76059
2026-06-04T12:40:03Z,77138
2026-06-04T12:45:03Z,77754
2026-06-04T12:50:02Z,78474
2026-06-04T12:55:02Z,79231
2026-06-04T13:00:03Z,79745
2026-06-04T13:05:02Z,80898
2026-06-04T13:10:02Z,81995
2026-06-04T13:15:03Z,83044
2026-06-04T13:20:03Z,84076
2026-06-04T13:25:03Z,84800
2026-06-04T13:30:02Z,85724
2026-06-04T13:35:02Z,86578
2026-06-04T13:40:03Z,87532
2026-06-04T13:45:02Z,88227
2026-06-04T13:50:03Z,88790
2026-06-04T13:55:03Z,89421
2026-06-04T14:00:02Z,89883
2026-06-04T14:05:03Z,89995
2026-06-04T14:10:02Z,90663
2026-06-04T14:15:02Z,91113
2026-06-04T14:20:03Z,91757
2026-06-04T14:25:03Z,92350
2026-06-04T14:30:03Z,92691
2026-06-04T14:35:02Z,93513
2026-06-04T14:40:02Z,94063
2026-06-04T14:45:03Z,94458
2026-06-04T14:50:02Z,94990
2026-06-04T14:55:02Z,95233
2026-06-04T15:00:03Z,95449
2026-06-04T15:05:02Z,95728
2026-06-04T15:10:03Z,96206
2026-06-04T15:15:03Z,96632
2026-06-04T15:20:03Z,96976
2026-06-04T15:25:02Z,97516
2026-06-04T15:30:03Z,97605
2026-06-04T15:35:02Z,97975
2026-06-04T15:40:03Z,98476
2026-06-04T15:45:02Z,98991
2026-06-04T15:50:03Z,99064
2026-06-04T15:55:03Z,99142
2026-06-04T16:00:03Z,98850
2026-06-04T16:05:02Z,98830
2026-06-04T16:10:02Z,99174
2026-06-04T16:15:03Z,99638
2026-06-04T16:20:03Z,99780
2026-06-04T16:25:02Z,100015
2026-06-04T16:30:03Z,100383
2026-06-04T16:35:02Z,100690
2026-06-04T16:40:02Z,100979
2026-06-04T16:45:03Z,101422
2026-06-04T16:50:02Z,101363
2026-06-04T16:55:02Z,101963
2026-06-04T17:00:02Z,102298
2026-06-04T17:05:03Z,102618
2026-06-04T17:10:02Z,103337
2026-06-04T17:15:02Z,103758
2026-06-04T17:20:03Z,104313
2026-06-04T17:25:02Z,105038
2026-06-04T17:30:02Z,105513
2026-06-04T17:35:02Z,106133
2026-06-04T17:40:03Z,106843
2026-06-04T17:45:03Z,107228
2026-06-04T17:50:02Z,107614
2026-06-04T17:55:02Z,108046
2026-06-04T18:00:02Z,108132
2026-06-04T18:05:02Z,108667
2026-06-04T18:10:03Z,109286
2026-06-04T18:15:03Z,109624
2026-06-04T18:20:02Z,109935
2026-06-04T18:25:03Z,110698
2026-06-04T18:30:02Z,111205
2026-06-04T18:35:02Z,112092
2026-06-04T18:40:03Z,112671
2026-06-04T18:45:03Z,113063
2026-06-04T18:50:03Z,113492
2026-06-04T18:55:02Z,113757
2026-06-04T19:00:03Z,113850
2026-06-04T19:05:03Z,114235
2026-06-04T19:10:02Z,114609
2026-06-04T19:15:02Z,115043
2026-06-04T19:20:03Z,115439
2026-06-04T19:25:02Z,115561
2026-06-04T19:30:02Z,115835
2026-06-04T19:35:03Z,115788
2026-06-04T19:40:03Z,116151
2026-06-04T19:45:02Z,116376
2026-06-04T19:50:02Z,116376
2026-06-04T19:55:03Z,116353
2026-06-04T20:00:03Z,115943
2026-06-04T20:05:02Z,115817
2026-06-04T20:10:03Z,115527
2026-06-04T20:15:02Z,115552
2026-06-04T20:20:02Z,115502
2026-06-04T20:25:02Z,115017
2026-06-04T20:30:02Z,114710
2026-06-04T20:35:03Z,114223
2026-06-04T20:40:03Z,113926
2026-06-04T20:45:03Z,113353
2026-06-04T20:50:03Z,112922
2026-06-04T20:55:03Z,112437
2026-06-04T21:00:03Z,111484
2026-06-04T21:05:02Z,111539
2026-06-04T21:10:03Z,110879
2026-06-04T21:15:02Z,109796
2026-06-04T21:20:02Z,108895
2026-06-04T21:25:02Z,108549
2026-06-04T21:30:03Z,107931
2026-06-04T21:35:03Z,107357
2026-06-04T21:40:02Z,106945
2026-06-04T21:45:02Z,106495
2026-06-04T21:50:02Z,106037
2026-06-04T21:55:03Z,105600
2026-06-04T22:00:02Z,104654
2026-06-04T22:05:03Z,103815
2026-06-04T22:10:02Z,103320
2026-06-04T22:15:03Z,102865
2026-06-04T22:20:03Z,102737
2026-06-04T22:25:02Z,102675
2026-06-04T22:30:02Z,101657
2026-06-04T22:35:02Z,101437
2026-06-04T22:40:03Z,101332
2026-06-04T22:45:03Z,101137
2026-06-04T22:50:03Z,100855
2026-06-04T22:55:02Z,100846
2026-06-04T23:00:02Z,100587
2026-06-04T23:05:03Z,100175
2026-06-04T23:10:03Z,100114
2026-06-04T23:15:03Z,100349
2026-06-04T23:20:03Z,100475
2026-06-04T23:25:03Z,100308
2026-06-04T23:30:02Z,100274
2026-06-04T23:35:02Z,100099
2026-06-04T23:40:02Z,100209
2026-06-04T23:45:03Z,100461
2026-06-04T23:50:03Z,100601
2026-06-04T23:55:02Z,100709
2026-06-05T00:00:04Z,100687
2026-06-05T00:05:02Z,100899
2026-06-05T00:10:02Z,101247
2026-06-05T00:15:03Z,101469
2026-06-05T00:20:03Z,101845
2026-06-05T00:25:03Z,102383
2026-06-05T00:30:02Z,103128
2026-06-05T00:35:02Z,103381
2026-06-05T00:40:02Z,103803
2026-06-05T00:45:03Z,104214
2026-06-05T00:50:02Z,104648
2026-06-05T00:55:03Z,104936
2026-06-05T01:00:03Z,104964
2026-06-05T01:05:03Z,105013
2026-06-05T01:10:03Z,105294
2026-06-05T01:15:03Z,104981
2026-06-05T01:20:02Z,105119
2026-06-05T01:25:03Z,105396
2026-06-05T01:30:03Z,105469
2026-06-05T01:35:03Z,105629
2026-06-05T01:40:03Z,105818
2026-06-05T01:45:02Z,105751
2026-06-05T01:50:02Z,105835
2026-06-05T01:55:02Z,105660
2026-06-05T02:00:03Z,105244
2026-06-05T02:05:02Z,104950
2026-06-05T02:10:03Z,104774
2026-06-05T02:15:03Z,104507
2026-06-05T02:20:03Z,104133
2026-06-05T02:25:02Z,103868
2026-06-05T02:30:02Z,103344
2026-06-05T02:35:02Z,103075
2026-06-05T02:40:03Z,102399
2026-06-05T02:45:03Z,101854
2026-06-05T02:50:03Z,101432
2026-06-05T02:55:03Z,100909
2026-06-05T03:00:03Z,100095
2026-06-05T03:05:02Z,99396
2026-06-05T03:10:02Z,98614
2026-06-05T03:15:03Z,97806
2026-06-05T03:20:03Z,96886
2026-06-05T03:25:02Z,95884
2026-06-05T03:30:02Z,94927
2026-06-05T03:35:02Z,93958
2026-06-05T03:40:03Z,93263
2026-06-05T03:45:03Z,92467
2026-06-05T03:50:03Z,91466
2026-06-05T03:55:02Z,90418
2026-06-05T04:00:02Z,89670
2026-06-05T04:05:02Z,88265
2026-06-05T04:10:03Z,87072
2026-06-05T04:15:03Z,86250
2026-06-05T04:20:02Z,85446
2026-06-05T04:25:03Z,84535
2026-06-05T04:30:03Z,83531
2026-06-05T04:35:02Z,82440
2026-06-05T04:40:03Z,81330
2026-06-05T04:45:03Z,80454
2026-06-05T04:50:03Z,79745
2026-06-05T04:55:03Z,78764
2026-06-05T05:00:04Z,77715
2026-06-05T05:05:04Z,76671
2026-06-05T05:10:03Z,75939
2026-06-05T05:15:02Z,75318
2026-06-05T05:20:03Z,74646
2026-06-05T05:25:03Z,73893
2026-06-05T05:30:03Z,73130
2026-06-05T05:35:02Z,72455
2026-06-05T05:40:02Z,72090
2026-06-05T05:45:02Z,71523
2026-06-05T05:50:02Z,70567
2026-06-05T05:55:03Z,69930
2026-06-05T06:00:03Z,69383
2026-06-05T06:05:03Z,68734
2026-06-05T06:10:02Z,68282
2026-06-05T06:15:02Z,67993
2026-06-05T06:20:02Z,67584
2026-06-05T06:25:03Z,67384
2026-06-05T06:30:03Z,67176
2026-06-05T06:35:02Z,67005
2026-06-05T06:40:03Z,66769
2026-06-05T06:45:02Z,66438
2026-06-05T06:50:02Z,66205
2026-06-05T06:55:03Z,65948
2026-06-05T07:00:03Z,65574
2026-06-05T07:05:03Z,65212
2026-06-05T07:10:03Z,65192
2026-06-05T07:15:02Z,65207
2026-06-05T07:20:02Z,65006
2026-06-05T07:25:02Z,64809
2026-06-05T07:30:03Z,64527
2026-06-05T07:35:02Z,64202
2026-06-05T07:40:03Z,64052
2026-06-05T07:45:02Z,63629
2026-06-05T07:50:02Z,63628
2026-06-05T07:55:02Z,63650
2026-06-05T08:00:02Z,63552
2026-06-05T08:05:03Z,63363
2026-06-05T08:10:03Z,63325
2026-06-05T08:15:02Z,63208
2026-06-05T08:20:03Z,63291
2026-06-05T08:25:03Z,63210
2026-06-05T08:30:02Z,63219
2026-06-05T08:35:02Z,63262
2026-06-05T08:40:03Z,63350
2026-06-05T08:45:03Z,63549
2026-06-05T08:50:03Z,63648
2026-06-05T08:55:02Z,63619
2026-06-05T09:00:03Z,63453
2026-06-05T09:05:03Z,63628
2026-06-05T09:10:03Z,64065
2026-06-05T09:15:02Z,64298
2026-06-05T09:20:03Z,64605
2026-06-05T09:25:02Z,64911
2026-06-05T09:30:02Z,65047
2026-06-05T09:35:03Z,65374
2026-06-05T09:40:03Z,65751
2026-06-05T09:45:03Z,65841
2026-06-05T09:50:02Z,66109
2026-06-05T09:55:02Z,66249
2026-06-05T10:00:03Z,66132
2026-06-05T10:05:03Z,66173
2026-06-05T10:10:02Z,66495
2026-06-05T10:15:02Z,66854
2026-06-05T10:20:03Z,67194
2026-06-05T10:25:03Z,67771
2026-06-05T10:30:03Z,67460
2026-06-05T10:35:02Z,67917
2026-06-05T10:40:03Z,68346
2026-06-05T10:45:03Z,68871
2026-06-05T10:50:02Z,69174
2026-06-05T10:55:02Z,69617
2026-06-05T11:00:03Z,69651
2026-06-05T11:05:02Z,70145
2026-06-05T11:10:03Z,70406
2026-06-05T11:15:03Z,70993
2026-06-05T11:20:03Z,71553
2026-06-05T11:25:02Z,71981
2026-06-05T11:30:02Z,72423
2026-06-05T11:35:03Z,73113
2026-06-05T11:40:03Z,73490
2026-06-05T11:45:03Z,73984
2026-06-05T11:50:03Z,74560
2026-06-05T11:55:03Z,75042
2026-06-05T12:00:03Z,75418
2026-06-05T12:05:03Z,75843
2026-06-05T12:10:03Z,76700
2026-06-05T12:15:02Z,77606
2026-06-05T12:20:02Z,78328
2026-06-05T12:25:03Z,79146
2026-06-05T12:30:03Z,79588
2026-06-05T12:35:03Z,80611
2026-06-05T12:40:03Z,81549
2026-06-05T12:45:02Z,82304
2026-06-05T12:50:03Z,83280
2026-06-05T12:55:03Z,84051
2026-06-05T13:00:03Z,84738
2026-06-05T13:05:02Z,85735
2026-06-05T13:10:03Z,86762
2026-06-05T13:15:03Z,87589
2026-06-05T13:20:02Z,88531
2026-06-05T13:25:02Z,89174
2026-06-05T13:30:02Z,89902
2026-06-05T13:35:03Z,90458
2026-06-05T13:40:03Z,91185
2026-06-05T13:45:02Z,91941
2026-06-05T13:50:03Z,92616
2026-06-05T13:55:03Z,93251
2026-06-05T14:00:02Z,93576
2026-06-05T14:05:03Z,94010
2026-06-05T14:10:03Z,94378
2026-06-05T14:15:03Z,95079
2026-06-05T14:20:02Z,95479
2026-06-05T14:25:02Z,95885
2026-06-05T14:30:03Z,96304
2026-06-05T14:35:02Z,97091
2026-06-05T14:40:03Z,97650
2026-06-05T14:45:02Z,98129
2026-06-05T14:50:02Z,98413
2026-06-05T14:55:03Z,98901
2026-06-05T15:00:02Z,98969
2026-06-05T15:05:03Z,99173
2026-06-05T15:10:02Z,99560
2026-06-05T15:15:02Z,99838
2026-06-05T15:20:03Z,100222
2026-06-05T15:25:03Z,100403
2026-06-05T15:30:02Z,100634
2026-06-05T15:35:02Z,100732
2026-06-05T15:40:02Z,101134
2026-06-05T15:45:02Z,101225
2026-06-05T15:50:03Z,101358
2026-06-05T15:55:02Z,101186
2026-06-05T16:00:04Z,100740
2026-06-05T16:05:02Z,100976
2026-06-05T16:10:02Z,100840
2026-06-05T16:15:03Z,100885
2026-06-05T16:20:03Z,101269
2026-06-05T16:25:03Z,101302
2026-06-05T16:30:03Z,101586
2026-06-05T16:35:02Z,101855
2026-06-05T16:40:03Z,102010
2026-06-05T16:45:02Z,102218
2026-06-05T16:50:03Z,102308
2026-06-05T16:55:02Z,102263
2026-06-05T17:00:02Z,101861
2026-06-05T17:05:03Z,102050
2026-06-05T17:10:02Z,102468
2026-06-05T17:15:03Z,102986
2026-06-05T17:20:02Z,103312
2026-06-05T17:25:02Z,103999
2026-06-05T17:30:03Z,104321
2026-06-05T17:35:03Z,104650
2026-06-05T17:40:03Z,105498
2026-06-05T17:45:02Z,106566
2026-06-05T17:50:02Z,106058
2026-06-05T17:55:02Z,106729
2026-06-05T18:00:02Z,107037
2026-06-05T18:05:03Z,107423
2026-06-05T18:10:02Z,108055
2026-06-05T18:15:03Z,108441
2026-06-05T18:20:03Z,109067
2026-06-05T18:25:02Z,109549
2026-06-05T18:30:02Z,109735
2026-06-05T18:35:03Z,110435
2026-06-05T18:40:03Z,111001
2026-06-05T18:45:02Z,111624
2026-06-05T18:50:02Z,112113
2026-06-05T18:55:02Z,112973
2026-06-05T19:00:03Z,113059
2026-06-05T19:05:03Z,113453
2026-06-05T19:10:02Z,113836
2026-06-05T19:15:03Z,114099
2026-06-05T19:20:03Z,114423
2026-06-05T19:25:02Z,114757
2026-06-05T19:30:02Z,114998
2026-06-05T19:35:03Z,115182
2026-06-05T19:40:02Z,115456
2026-06-05T19:45:02Z,115559
2026-06-05T19:50:02Z,115852
2026-06-05T19:55:02Z,115924
2026-06-05T20:00:03Z,115678
2026-06-05T20:05:03Z,115563
2026-06-05T20:10:02Z,115892
2026-06-05T20:15:03Z,116029
2026-06-05T20:20:03Z,116033
2026-06-05T20:25:03Z,116142
2026-06-05T20:30:03Z,116018
2026-06-05T20:35:03Z,115858
2026-06-05T20:40:03Z,115801
2026-06-05T20:45:02Z,115811
2026-06-05T20:50:02Z,115262
2026-06-05T20:55:02Z,115146
2026-06-05T21:00:03Z,114737
2026-06-05T21:05:02Z,114105
2026-06-05T21:10:03Z,113611
2026-06-05T21:15:03Z,113426
2026-06-05T21:20:02Z,113046
2026-06-05T21:25:02Z,112544
2026-06-05T21:30:03Z,111808
2026-06-05T21:35:03Z,111405
2026-06-05T21:40:03Z,110818
2026-06-05T21:45:03Z,110314
2026-06-05T21:50:03Z,109719
2026-06-05T21:55:03Z,109269
2026-06-05T22:00:03Z,108537
2026-06-05T22:05:03Z,107717
2026-06-05T22:10:03Z,107177
2026-06-05T22:15:02Z,106671
2026-06-05T22:20:03Z,106305
2026-06-05T22:25:03Z,105610
2026-06-05T22:30:03Z,105091
2026-06-05T22:35:03Z,104311
2026-06-05T22:40:03Z,104140
2026-06-05T22:45:02Z,103744
2026-06-05T22:50:02Z,103445
2026-06-05T22:55:02Z,102984
2026-06-05T23:00:03Z,102394
2026-06-05T23:05:03Z,101670
2026-06-05T23:10:03Z,101108
2026-06-05T23:15:03Z,100711
2026-06-05T23:20:02Z,100623
2026-06-05T23:25:03Z,100329
2026-06-05T23:30:03Z,100131
2026-06-05T23:35:03Z,99990
2026-06-05T23:40:03Z,99867
2026-06-05T23:45:03Z,99802
2026-06-05T23:50:03Z,99925
2026-06-05T23:55:02Z,100044
2026-06-06T00:00:04Z,99905
2026-06-06T00:05:03Z,99932
2026-06-06T00:10:03Z,100154
2026-06-06T00:15:02Z,100308
2026-06-06T00:20:03Z,100269
2026-06-06T00:25:02Z,100262
2026-06-06T00:30:02Z,100479
2026-06-06T00:35:03Z,100803
2026-06-06T00:40:03Z,101142
2026-06-06T00:45:03Z,101184
2026-06-06T00:50:03Z,101425
2026-06-06T00:55:02Z,101698
2026-06-06T01:00:02Z,101695
2026-06-06T01:05:03Z,101957
2026-06-06T01:10:03Z,102379
2026-06-06T01:15:03Z,102595
2026-06-06T01:20:03Z,103092
2026-06-06T01:25:02Z,103471
2026-06-06T01:30:02Z,103664
2026-06-06T01:35:02Z,104137
2026-06-06T01:40:02Z,104382
2026-06-06T01:45:02Z,104606
2026-06-06T01:50:03Z,104657
2026-06-06T01:55:02Z,104757
2026-06-06T02:00:03Z,104960
2026-06-06T02:05:02Z,104979
2026-06-06T02:10:02Z,104871
2026-06-06T02:15:03Z,104686
2026-06-06T02:20:03Z,104772
2026-06-06T02:25:03Z,104771
2026-06-06T02:30:03Z,104526
2026-06-06T02:35:03Z,104360
2026-06-06T02:40:03Z,104225
2026-06-06T02:45:03Z,104041
2026-06-06T02:50:03Z,103523
2026-06-06T02:55:02Z,103300
2026-06-06T03:00:03Z,102972
2026-06-06T03:05:02Z,102448
2026-06-06T03:10:02Z,102219
2026-06-06T03:15:02Z,101685
2026-06-06T03:20:02Z,100883
2026-06-06T03:25:03Z,100341
2026-06-06T03:30:03Z,99414
2026-06-06T03:35:03Z,98852
2026-06-06T03:40:02Z,98329
2026-06-06T03:45:03Z,97788
2026-06-06T03:50:03Z,97137
2026-06-06T03:55:03Z,96724
2026-06-06T04:00:03Z,95927
2026-06-06T04:05:02Z,94727
2026-06-06T04:10:02Z,93767
2026-06-06T04:15:02Z,92904
2026-06-06T04:20:03Z,92422
2026-06-06T04:25:03Z,91572
2026-06-06T04:30:03Z,90506
2026-06-06T04:35:02Z,89737
2026-06-06T04:40:02Z,88897
2026-06-06T04:45:02Z,88048
2026-06-06T04:50:03Z,87261
2026-06-06T04:55:03Z,86239
2026-06-06T05:00:03Z,85147
2026-06-06T05:05:02Z,84207
2026-06-06T05:10:02Z,83374
2026-06-06T05:15:02Z,82707
2026-06-06T05:20:02Z,82031
2026-06-06T05:25:02Z,81339
2026-06-06T05:30:02Z,80631
2026-06-06T05:35:03Z,79706
2026-06-06T05:40:03Z,79087
2026-06-06T05:45:02Z,78192
2026-06-06T05:50:03Z,77291
2026-06-06T05:55:03Z,76576
2026-06-06T06:00:03Z,75961
2026-06-06T06:05:02Z,75467
2026-06-06T06:10:03Z,75291
2026-06-06T06:15:03Z,74895
2026-06-06T06:20:02Z,74288
2026-06-06T06:25:03Z,73750
2026-06-06T06:30:03Z,73102
2026-06-06T06:35:02Z,72642
2026-06-06T06:40:03Z,72113
2026-06-06T06:45:03Z,71693
2026-06-06T06:50:03Z,71214
2026-06-06T06:55:03Z,70578
2026-06-06T07:00:03Z,70134
2026-06-06T07:05:03Z,69692
2026-06-06T07:10:03Z,69061
2026-06-06T07:15:03Z,68723
2026-06-06T07:20:02Z,68521
2026-06-06T07:25:02Z,68245
2026-06-06T07:30:03Z,67744
2026-06-06T07:35:02Z,67540
2026-06-06T07:40:03Z,67357
2026-06-06T07:45:03Z,67077
2026-06-06T07:50:03Z,67025
2026-06-06T07:55:03Z,66766
2026-06-06T08:00:03Z,66441
2026-06-06T08:05:03Z,66337
2026-06-06T08:10:03Z,66347
2026-06-06T08:15:03Z,66072
2026-06-06T08:20:03Z,66174
2026-06-06T08:25:02Z,66019
2026-06-06T08:30:02Z,65948
2026-06-06T08:35:03Z,65824
2026-06-06T08:40:03Z,66084
2026-06-06T08:45:03Z,66130
2026-06-06T08:50:03Z,66252
2026-06-06T08:55:03Z,66315
2026-06-06T09:00:03Z,66378
2026-06-06T09:05:03Z,66474
2026-06-06T09:10:03Z,66664
2026-06-06T09:15:03Z,66973
2026-06-06T09:20:02Z,67117
2026-06-06T09:25:02Z,67269
2026-06-06T09:30:03Z,67398
2026-06-06T09:35:03Z,67594
2026-06-06T09:40:03Z,67805
2026-06-06T09:45:03Z,68053
2026-06-06T09:50:02Z,68181
2026-06-06T09:55:02Z,68448
2026-06-06T10:00:02Z,68495
2026-06-06T10:05:02Z,68736
2026-06-06T10:10:03Z,69043
2026-06-06T10:15:03Z,69439
2026-06-06T10:20:03Z,69507
2026-06-06T10:25:03Z,70261
2026-06-06T10:30:03Z,70680
2026-06-06T10:35:02Z,71059
2026-06-06T10:40:02Z,71420
2026-06-06T10:45:02Z,71689
2026-06-06T10:50:02Z,72214
2026-06-06T10:55:02Z,72637
2026-06-06T11:00:02Z,73138
2026-06-06T11:05:03Z,73535
2026-06-06T11:10:03Z,74020
2026-06-06T11:15:03Z,74546
2026-06-06T11:20:03Z,75061
2026-06-06T11:25:03Z,75662
2026-06-06T11:30:03Z,76120
2026-06-06T11:35:03Z,76581
2026-06-06T11:40:03Z,77311
2026-06-06T11:45:03Z,77944
2026-06-06T11:50:03Z,78695
2026-06-06T11:55:03Z,79542
2026-06-06T12:00:03Z,80320
2026-06-06T12:05:03Z,80984
2026-06-06T12:10:03Z,81842
2026-06-06T12:15:03Z,82636
2026-06-06T12:20:03Z,83350
2026-06-06T12:25:03Z,83847
2026-06-06T12:30:03Z,84577
2026-06-06T12:35:02Z,85331
2026-06-06T12:40:03Z,86175
2026-06-06T12:45:03Z,86893
2026-06-06T12:50:02Z,87733
2026-06-06T12:55:02Z,88404
2026-06-06T13:00:03Z,88974
2026-06-06T13:05:02Z,89778
2026-06-06T13:10:02Z,90429
2026-06-06T13:15:03Z,91138
2026-06-06T13:20:03Z,91746
2026-06-06T13:25:03Z,92445
2026-06-06T13:30:02Z,93156
2026-06-06T13:35:02Z,93772
2026-06-06T13:40:03Z,94501
2026-06-06T13:45:03Z,95546
2026-06-06T13:50:03Z,96001
2026-06-06T13:55:02Z,96600
2026-06-06T14:00:02Z,97296
2026-06-06T14:05:03Z,98181
2026-06-06T14:10:03Z,98694
2026-06-06T14:15:03Z,99126
2026-06-06T14:20:03Z,99518
2026-06-06T14:25:02Z,99908
2026-06-06T14:30:02Z,100735
2026-06-06T14:35:02Z,101569
2026-06-06T14:40:02Z,102303
2026-06-06T14:45:03Z,102730
2026-06-06T14:50:03Z,102991
2026-06-06T14:55:03Z,103023
2026-06-06T15:00:03Z,103313
2026-06-06T15:05:02Z,103529
2026-06-06T15:10:03Z,103882
2026-06-06T15:15:02Z,104330
2026-06-06T15:20:02Z,104920
2026-06-06T15:25:03Z,105491
2026-06-06T15:30:03Z,106004
2026-06-06T15:35:03Z,106267
2026-06-06T15:40:03Z,106548
2026-06-06T15:45:03Z,107099
2026-06-06T15:50:02Z,107190
2026-06-06T15:55:02Z,107657
2026-06-06T16:00:03Z,107628
2026-06-06T16:05:03Z,107646
2026-06-06T16:10:02Z,107907
2026-06-06T16:15:03Z,108070
2026-06-06T16:20:03Z,108423
2026-06-06T16:25:02Z,108579
2026-06-06T16:30:03Z,108783
2026-06-06T16:35:03Z,109229
2026-06-06T16:40:02Z,109627
2026-06-06T16:45:02Z,109880
2026-06-06T16:50:02Z,110181
2026-06-06T16:55:02Z,110251
2026-06-06T17:00:02Z,110594
2026-06-06T17:05:03Z,110970
2026-06-06T17:10:03Z,111043
2026-06-06T17:15:02Z,111423
2026-06-06T17:20:03Z,111775
2026-06-06T17:25:03Z,112147
2026-06-06T17:30:03Z,112485
2026-06-06T17:35:03Z,113195
2026-06-06T17:40:03Z,113395
2026-06-06T17:45:02Z,113536
2026-06-06T17:50:02Z,114025
2026-06-06T17:55:02Z,114436
2026-06-06T18:00:03Z,114649
2026-06-06T18:05:02Z,115324
2026-06-06T18:10:02Z,115580
2026-06-06T18:15:03Z,115893
2026-06-06T18:20:03Z,116368
2026-06-06T18:25:02Z,116838
2026-06-06T18:30:02Z,117199
2026-06-06T18:35:03Z,117837
2026-06-06T18:40:03Z,118498
2026-06-06T18:45:03Z,118987
2026-06-06T18:50:03Z,119498
2026-06-06T18:55:02Z,119806
2026-06-06T19:00:03Z,120192
2026-06-06T19:05:03Z,120452
2026-06-06T19:10:02Z,120574
2026-06-06T19:15:02Z,120595
2026-06-06T19:20:02Z,121102
2026-06-06T19:25:02Z,121177
2026-06-06T19:30:03Z,121365
2026-06-06T19:35:03Z,121539
2026-06-06T19:40:03Z,121876
2026-06-06T19:45:02Z,122105
2026-06-06T19:50:03Z,122399
2026-06-06T19:55:02Z,122438
2026-06-06T20:00:02Z,122263
2026-06-06T20:05:02Z,122187
2026-06-06T20:10:03Z,122426
2026-06-06T20:15:03Z,122237
2026-06-06T20:20:02Z,122356
2026-06-06T20:25:02Z,122441
2026-06-06T20:30:02Z,122345
2026-06-06T20:35:03Z,122194
2026-06-06T20:40:03Z,122345
2026-06-06T20:45:03Z,122252
2026-06-06T20:50:02Z,122012
2026-06-06T20:55:02Z,121696
2026-06-06T21:00:02Z,121317
2026-06-06T21:05:03Z,121072
2026-06-06T21:10:02Z,120670
2026-06-06T21:15:03Z,120123
2026-06-06T21:20:02Z,119762
2026-06-06T21:25:03Z,119613
2026-06-06T21:30:03Z,119371
2026-06-06T21:35:03Z,118847
2026-06-06T21:40:02Z,118451
2026-06-06T21:45:02Z,118068
2026-06-06T21:50:02Z,117329
2026-06-06T21:55:02Z,116825
2026-06-06T22:00:02Z,116083
2026-06-06T22:05:03Z,115220
2026-06-06T22:10:03Z,114825
2026-06-06T22:15:02Z,114150
2026-06-06T22:20:03Z,113693
2026-06-06T22:25:02Z,113408
2026-06-06T22:30:03Z,112779
2026-06-06T22:35:02Z,112300
2026-06-06T22:40:03Z,111765
2026-06-06T22:45:03Z,111398
2026-06-06T22:50:03Z,111128
2026-06-06T22:55:03Z,110695
2026-06-06T23:00:03Z,110105
2026-06-06T23:05:03Z,109163
2026-06-06T23:10:03Z,109017
2026-06-06T23:15:03Z,108626
2026-06-06T23:20:03Z,108320
2026-06-06T23:25:03Z,107762
2026-06-06T23:30:03Z,107621
2026-06-06T23:35:03Z,107292
2026-06-06T23:40:03Z,107145
2026-06-06T23:45:02Z,107176
2026-06-06T23:50:02Z,107076
2026-06-06T23:55:02Z,106873
2026-06-07T00:00:07Z,106793
2026-06-07T00:05:02Z,107030
2026-06-07T00:10:02Z,107269
2026-06-07T00:15:02Z,107105
2026-06-07T00:20:02Z,107287
2026-06-07T00:25:02Z,107468
2026-06-07T00:30:02Z,107530
2026-06-07T00:35:02Z,107771
2026-06-07T00:40:02Z,107893
2026-06-07T00:45:03Z,107890
2026-06-07T00:50:03Z,108247
2026-06-07T00:55:03Z,108334
2026-06-07T01:00:03Z,108255
2026-06-07T01:05:03Z,108306
2026-06-07T01:10:03Z,108460
2026-06-07T01:15:03Z,108605
2026-06-07T01:20:03Z,108852
2026-06-07T01:25:02Z,108923
2026-06-07T01:30:02Z,109187
2026-06-07T01:35:02Z,109391
2026-06-07T01:40:02Z,109469
2026-06-07T01:45:02Z,109685
2026-06-07T01:50:02Z,109526
2026-06-07T01:55:02Z,109402
2026-06-07T02:00:02Z,109362
2026-06-07T02:05:02Z,109490
2026-06-07T02:10:02Z,109555
2026-06-07T02:15:02Z,109741
2026-06-07T02:20:03Z,109679
2026-06-07T02:25:03Z,109622
2026-06-07T02:30:03Z,109353
2026-06-07T02:35:02Z,108990
2026-06-07T02:40:02Z,108704
2026-06-07T02:45:02Z,108469
2026-06-07T02:50:02Z,108098
2026-06-07T02:55:02Z,107689
2026-06-07T03:00:03Z,107354
2026-06-07T03:05:02Z,106782
2026-06-07T03:10:02Z,106102
2026-06-07T03:15:03Z,105716
2026-06-07T03:20:03Z,105211
2026-06-07T03:25:03Z,104731
2026-06-07T03:30:03Z,103964
2026-06-07T03:35:03Z,103494
2026-06-07T03:40:02Z,102759
2026-06-07T03:45:02Z,101976
2026-06-07T03:50:02Z,101172
2026-06-07T03:55:02Z,100362
2026-06-07T04:00:02Z,99596
2026-06-07T04:05:03Z,98445
2026-06-07T04:10:03Z,97227
2026-06-07T04:15:03Z,96211
2026-06-07T04:20:03Z,95468
2026-06-07T04:25:03Z,94296
2026-06-07T04:30:03Z,93297
2026-06-07T04:35:03Z,92501
2026-06-07T04:40:02Z,91453
2026-06-07T04:45:02Z,90640
2026-06-07T04:50:03Z,89716
2026-06-07T04:55:03Z,88876
2026-06-07T05:00:03Z,87996
2026-06-07T05:05:02Z,87161
2026-06-07T05:10:02Z,86223
2026-06-07T05:15:02Z,85288
2026-06-07T05:20:03Z,84708
2026-06-07T05:25:03Z,83692
2026-06-07T05:30:02Z,82664
2026-06-07T05:35:02Z,81519
2026-06-07T05:40:03Z,80543
2026-06-07T05:45:03Z,79564
2026-06-07T05:50:03Z,78395
2026-06-07T05:55:03Z,77230
2026-06-07T06:00:03Z,76486
2026-06-07T06:05:02Z,75914
2026-06-07T06:10:03Z,75984
2026-06-07T06:15:02Z,75741
2026-06-07T06:20:03Z,75198
2026-06-07T06:25:02Z,75038
2026-06-07T06:30:03Z,74780
2026-06-07T06:35:03Z,74834
2026-06-07T06:40:03Z,74498
2026-06-07T06:45:02Z,74096
2026-06-07T06:50:03Z,73674
2026-06-07T06:55:02Z,73202
2026-06-07T07:00:03Z,72689
2026-06-07T07:05:03Z,72532
2026-06-07T07:10:03Z,71961
2026-06-07T07:15:03Z,71857
2026-06-07T07:20:03Z,71623
2026-06-07T07:25:03Z,71458
2026-06-07T07:30:03Z,71219
2026-06-07T07:35:03Z,70910
2026-06-07T07:40:02Z,70472
2026-06-07T07:45:02Z,70303
2026-06-07T07:50:02Z,70104
2026-06-07T07:55:03Z,70077
2026-06-07T08:00:03Z,69724
2026-06-07T08:05:02Z,69529
2026-06-07T08:10:02Z,69306
2026-06-07T08:15:03Z,69207
2026-06-07T08:20:03Z,69408
2026-06-07T08:25:03Z,69569
2026-06-07T08:30:03Z,69281
2026-06-07T08:35:03Z,69283
2026-06-07T08:40:03Z,69294
2026-06-07T08:45:03Z,69249
2026-06-07T08:50:03Z,69377
2026-06-07T08:55:03Z,69557
2026-06-07T09:00:03Z,69425
2026-06-07T09:05:02Z,69660
2026-06-07T09:10:02Z,69744
2026-06-07T09:15:02Z,69874
2026-06-07T09:20:02Z,70197
2026-06-07T09:25:03Z,70546
2026-06-07T09:30:02Z,70510
2026-06-07T09:35:03Z,70739
2026-06-07T09:40:03Z,71229
2026-06-07T09:45:03Z,71541
2026-06-07T09:50:03Z,71887
2026-06-07T09:55:03Z,72163
2026-06-07T10:00:03Z,72438
2026-06-07T10:05:03Z,72787
2026-06-07T10:10:03Z,73355
2026-06-07T10:15:02Z,73744
2026-06-07T10:20:03Z,74026
2026-06-07T10:25:03Z,74480
2026-06-07T10:30:02Z,74834
2026-06-07T10:35:02Z,75480
2026-06-07T10:40:03Z,75988
2026-06-07T10:45:03Z,76642
2026-06-07T10:50:03Z,77037
2026-06-07T10:55:02Z,77472
2026-06-07T11:00:03Z,78016
2026-06-07T11:05:03Z,78278
2026-06-07T11:10:03Z,78732
2026-06-07T11:15:03Z,79328
2026-06-07T11:20:03Z,80106
2026-06-07T11:25:03Z,80727
2026-06-07T11:30:03Z,81120
2026-06-07T11:35:03Z,81932
2026-06-07T11:40:03Z,82737
2026-06-07T11:45:03Z,83214
2026-06-07T11:50:03Z,83932
2026-06-07T11:55:03Z,84490
2026-06-07T12:00:03Z,85005
2026-06-07T12:05:02Z,85573
2026-06-07T12:10:02Z,86322
2026-06-07T12:15:03Z,86870
2026-06-07T12:20:02Z,87538
2026-06-07T12:25:02Z,88285
2026-06-07T12:30:02Z,88806
2026-06-07T12:35:03Z,89482
2026-06-07T12:40:03Z,90356
2026-06-07T12:45:03Z,91035
2026-06-07T12:50:03Z,91878
2026-06-07T12:55:03Z,92413
2026-06-07T13:00:03Z,93189
2026-06-07T13:05:02Z,93865
2026-06-07T13:10:02Z,94566
2026-06-07T13:15:02Z,95593
2026-06-07T13:20:03Z,96285
2026-06-07T13:25:03Z,97110
2026-06-07T13:30:03Z,98141
2026-06-07T13:35:03Z,99005
2026-06-07T13:40:03Z,99903
2026-06-07T13:45:03Z,100860
2026-06-07T13:50:03Z,101325
2026-06-07T13:55:03Z,102170
2026-06-07T14:00:03Z,102733
2026-06-07T14:05:02Z,103258
2026-06-07T14:10:02Z,103984
2026-06-07T14:15:02Z,104689
2026-06-07T14:20:03Z,105102
2026-06-07T14:25:02Z,105486
2026-06-07T14:30:02Z,106372
2026-06-07T14:35:02Z,107260
2026-06-07T14:40:03Z,108059
2026-06-07T14:45:03Z,108696
2026-06-07T14:50:03Z,109573
2026-06-07T14:55:03Z,110331
2026-06-07T15:00:03Z,111109
2026-06-07T15:05:03Z,111647
2026-06-07T15:10:03Z,112264
2026-06-07T15:15:03Z,113078
2026-06-07T15:20:03Z,113669
2026-06-07T15:25:02Z,114031
2026-06-07T15:30:02Z,114472
2026-06-07T15:35:02Z,114822
2026-06-07T15:40:03Z,115465
2026-06-07T15:45:02Z,115887
2026-06-07T15:50:03Z,116278
2026-06-07T15:55:03Z,116635
2026-06-07T16:00:03Z,117166
2026-06-07T16:05:03Z,117387
2026-06-07T16:10:03Z,117682
2026-06-07T16:15:02Z,118101
2026-06-07T16:20:02Z,118610
2026-06-07T16:25:02Z,119064
2026-06-07T16:30:03Z,119595
2026-06-07T16:35:03Z,119924
2026-06-07T16:40:03Z,120570
2026-06-07T16:45:03Z,121408
2026-06-07T16:50:03Z,121995
2026-06-07T16:55:03Z,122465
2026-06-07T17:00:03Z,122762
2026-06-07T17:05:02Z,123078
2026-06-07T17:10:02Z,123941
2026-06-07T17:15:02Z,124461
2026-06-07T17:20:02Z,125039
2026-06-07T17:25:03Z,125664
2026-06-07T17:30:03Z,126292
2026-06-07T17:35:02Z,126901
2026-06-07T17:40:03Z,127523
2026-06-07T17:45:03Z,128141
2026-06-07T17:50:03Z,129039
2026-06-07T17:55:02Z,129550
2026-06-07T18:00:02Z,130127
2026-06-07T18:05:03Z,130630
2026-06-07T18:10:03Z,131224
2026-06-07T18:15:02Z,131594
2026-06-07T18:20:02Z,132361
2026-06-07T18:25:03Z,132785
2026-06-07T18:30:03Z,133449
2026-06-07T18:35:02Z,133963
2026-06-07T18:40:02Z,134833
2026-06-07T18:45:03Z,135315
2026-06-07T18:50:03Z,135841
2026-06-07T18:55:03Z,136395
2026-06-07T19:00:03Z,136579
2026-06-07T19:05:03Z,136738
2026-06-07T19:10:03Z,137080
2026-06-07T19:15:03Z,137322
2026-06-07T19:20:03Z,137624
2026-06-07T19:25:03Z,137855
2026-06-07T19:30:03Z,137993
2026-06-07T19:35:02Z,138196
2026-06-07T19:40:02Z,138291
2026-06-07T19:45:02Z,138263
2026-06-07T19:50:02Z,138351
2026-06-07T19:55:02Z,138129
2026-06-07T20:00:02Z,137866
2026-06-07T20:05:03Z,137665
2026-06-07T20:10:02Z,137492
2026-06-07T20:15:02Z,136887
2026-06-07T20:20:02Z,136340
2026-06-07T20:25:02Z,136042
2026-06-07T20:30:03Z,135566
2026-06-07T20:35:03Z,134955
2026-06-07T20:40:03Z,134353
2026-06-07T20:45:03Z,134047
2026-06-07T20:50:03Z,133701
2026-06-07T20:55:03Z,133365
2026-06-07T21:00:03Z,132448
2026-06-07T21:05:03Z,131229
2026-06-07T21:10:03Z,130513
2026-06-07T21:15:03Z,129611
2026-06-07T21:20:02Z,128781
2026-06-07T21:25:03Z,128166
2026-06-07T21:30:03Z,127496
2026-06-07T21:35:03Z,126562
2026-06-07T21:40:03Z,125825
2026-06-07T21:45:03Z,124987
2026-06-07T21:50:03Z,124274
2026-06-07T21:55:03Z,123444
2026-06-07T22:00:03Z,122734
2026-06-07T22:05:02Z,122072
2026-06-07T22:10:02Z,121208
2026-06-07T22:15:02Z,120761
2026-06-07T22:20:03Z,120349
2026-06-07T22:25:03Z,119630
2026-06-07T22:30:03Z,119231
2026-06-07T22:35:03Z,118705
2026-06-07T22:40:03Z,118249
2026-06-07T22:45:03Z,117909
2026-06-07T22:50:03Z,117876
2026-06-07T22:55:02Z,117691
2026-06-07T23:00:02Z,117406
2026-06-07T23:05:02Z,116878
2026-06-07T23:10:02Z,116371
2026-06-07T23:15:02Z,116219
2026-06-07T23:20:02Z,116120
2026-06-07T23:25:03Z,115815
2026-06-07T23:30:02Z,115647
2026-06-07T23:35:02Z,115521
2026-06-07T23:40:02Z,115642
2026-06-07T23:45:03Z,115693
2026-06-07T23:50:03Z,115827
2026-06-07T23:55:03Z,115845
2026-06-08T00:00:05Z,115991
2026-06-08T00:05:03Z,115798
2026-06-08T00:10:03Z,115925
2026-06-08T00:15:03Z,115948
2026-06-08T00:20:02Z,115895
2026-06-08T00:25:02Z,116096
2026-06-08T00:30:03Z,116276
2026-06-08T00:35:03Z,116576
2026-06-08T00:40:03Z,116778
2026-06-08T00:45:02Z,117284
2026-06-08T00:50:02Z,117479
2026-06-08T00:55:02Z,117454
2026-06-08T01:00:03Z,117421
2026-06-08T01:05:03Z,117341
2026-06-08T01:10:03Z,117534
2026-06-08T01:15:02Z,117508
2026-06-08T01:20:03Z,117615
2026-06-08T01:25:03Z,117488
2026-06-08T01:30:03Z,117503
2026-06-08T01:35:03Z,117356
2026-06-08T01:40:03Z,117393
2026-06-08T01:45:02Z,117184
2026-06-08T01:50:03Z,117025
2026-06-08T01:55:02Z,116572
2026-06-08T02:00:03Z,115966
2026-06-08T02:05:03Z,115397
2026-06-08T02:10:03Z,114777
2026-06-08T02:15:03Z,114220
2026-06-08T02:20:03Z,113558
2026-06-08T02:25:03Z,112896
2026-06-08T02:30:03Z,112306
2026-06-08T02:35:02Z,111465
2026-06-08T02:40:02Z,110601
2026-06-08T02:45:02Z,109821
2026-06-08T02:50:02Z,108963
2026-06-08T02:55:02Z,107987
2026-06-08T03:00:03Z,107047
2026-06-08T03:05:02Z,106060
2026-06-08T03:10:03Z,105041
2026-06-08T03:15:03Z,104135
2026-06-08T03:20:03Z,103177
2026-06-08T03:25:02Z,102246
2026-06-08T03:30:03Z,101166
2026-06-08T03:35:03Z,100219
2026-06-08T03:40:03Z,99230
2026-06-08T03:45:03Z,97982
2026-06-08T03:50:03Z,96771
2026-06-08T03:55:02Z,95338
2026-06-08T04:00:03Z,93981
2026-06-08T04:05:02Z,92379
2026-06-08T04:10:03Z,90862
2026-06-08T04:15:03Z,89595
2026-06-08T04:20:02Z,88651
2026-06-08T04:25:02Z,87704
2026-06-08T04:30:03Z,86683
2026-06-08T04:35:03Z,85509
2026-06-08T04:40:03Z,84572
2026-06-08T04:45:02Z,83616
2026-06-08T04:50:03Z,82664
2026-06-08T04:55:03Z,81758
2026-06-08T05:00:03Z,80802
2026-06-08T05:05:02Z,79796
2026-06-08T05:10:03Z,79110
2026-06-08T05:15:02Z,78068
2026-06-08T05:20:03Z,77397
2026-06-08T05:25:03Z,76645
2026-06-08T05:30:03Z,75694
2026-06-08T05:35:03Z,75035
2026-06-08T05:40:03Z,74430
2026-06-08T05:45:03Z,73724
2026-06-08T05:50:03Z,73100
2026-06-08T05:55:03Z,72388
2026-06-08T06:00:03Z,71587
2026-06-08T06:05:02Z,71006
2026-06-08T06:10:03Z,70515
2026-06-08T06:15:03Z,69977
2026-06-08T06:20:03Z,69728
2026-06-08T06:25:02Z,69672
2026-06-08T06:30:02Z,69379
2026-06-08T06:35:02Z,69016
2026-06-08T06:40:03Z,68631
2026-06-08T06:45:03Z,68346
2026-06-08T06:50:02Z,68096
2026-06-08T06:55:02Z,67806
2026-06-08T07:00:03Z,67369
2026-06-08T07:05:03Z,67069
2026-06-08T07:10:03Z,66755
2026-06-08T07:15:02Z,66528
2026-06-08T07:20:03Z,66320
2026-06-08T07:25:02Z,65874
2026-06-08T07:30:03Z,65819
2026-06-08T07:35:02Z,65833
2026-06-08T07:40:02Z,65937
2026-06-08T07:45:03Z,65699
2026-06-08T07:50:03Z,65674
2026-06-08T07:55:02Z,65541
2026-06-08T08:00:03Z,65443
2026-06-08T08:05:03Z,65423
2026-06-08T08:10:02Z,65647
2026-06-08T08:15:03Z,65616
2026-06-08T08:20:03Z,65658
2026-06-08T08:25:02Z,65813
2026-06-08T08:30:03Z,65830
2026-06-08T08:35:02Z,65806
2026-06-08T08:40:02Z,65861
2026-06-08T08:45:02Z,65738
2026-06-08T08:50:02Z,65842
2026-06-08T08:55:03Z,66347
2026-06-08T09:00:03Z,66388
2026-06-08T09:05:03Z,66572
2026-06-08T09:10:03Z,66706
2026-06-08T09:15:03Z,67046
2026-06-08T09:20:02Z,67162
2026-06-08T09:25:02Z,67488
2026-06-08T09:30:03Z,67574
2026-06-08T09:35:02Z,67902
2026-06-08T09:40:02Z,68080
2026-06-08T09:45:02Z,67670
2026-06-08T09:50:02Z,67600
2026-06-08T09:55:03Z,67505
2026-06-08T10:00:03Z,67615
2026-06-08T10:05:02Z,67820
2026-06-08T10:10:03Z,68064
2026-06-08T10:15:03Z,68349
2026-06-08T10:20:02Z,68567
2026-06-08T10:25:03Z,68862
2026-06-08T10:30:03Z,69074
2026-06-08T10:35:02Z,69643
2026-06-08T10:40:02Z,69990
2026-06-08T10:45:03Z,70387
2026-06-08T10:50:03Z,70779
2026-06-08T10:55:03Z,71188
2026-06-08T11:00:02Z,71369
2026-06-08T11:05:03Z,71552
2026-06-08T11:10:03Z,72043
2026-06-08T11:15:03Z,72514
2026-06-08T11:20:03Z,72953
2026-06-08T11:25:02Z,73427
2026-06-08T11:30:03Z,73761
2026-06-08T11:35:02Z,74136
2026-06-08T11:40:02Z,74817
2026-06-08T11:45:03Z,75339
2026-06-08T11:50:03Z,76233
2026-06-08T11:55:02Z,76809
2026-06-08T12:00:03Z,76966
2026-06-08T12:05:03Z,77581
2026-06-08T12:10:03Z,78104
2026-06-08T12:15:02Z,78846
2026-06-08T12:20:03Z,79731
2026-06-08T12:25:03Z,80162
2026-06-08T12:30:03Z,80760
2026-06-08T12:35:02Z,81504
2026-06-08T12:40:03Z,82401
2026-06-08T12:45:02Z,83172
2026-06-08T12:50:02Z,83914
2026-06-08T12:55:02Z,84757
2026-06-08T13:00:03Z,85462
2026-06-08T13:05:02Z,86234
2026-06-08T13:10:03Z,87143
2026-06-08T13:15:03Z,88123
2026-06-08T13:20:03Z,89022
2026-06-08T13:25:03Z,89824
2026-06-08T13:30:02Z,90595
2026-06-08T13:35:02Z,91323
2026-06-08T13:40:03Z,92231
2026-06-08T13:45:02Z,92921
2026-06-08T13:50:02Z,93410
2026-06-08T13:55:02Z,93764
2026-06-08T14:00:03Z,94194
2026-06-08T14:05:03Z,94838
2026-06-08T14:10:03Z,95663
2026-06-08T14:15:02Z,96149
2026-06-08T14:20:03Z,96709
2026-06-08T14:25:02Z,97224
2026-06-08T14:30:02Z,97877
2026-06-08T14:35:03Z,98823
2026-06-08T14:40:03Z,99672
2026-06-08T14:45:03Z,100357
2026-06-08T14:50:02Z,101090
2026-06-08T14:55:03Z,101481
2026-06-08T15:00:03Z,101825
2026-06-08T15:05:03Z,101648
2026-06-08T15:10:02Z,102269
2026-06-08T15:15:03Z,102913
2026-06-08T15:20:02Z,103480
2026-06-08T15:25:03Z,103811
2026-06-08T15:30:02Z,104244
2026-06-08T15:35:02Z,104545
2026-06-08T15:40:03Z,105135
2026-06-08T15:45:02Z,105522
2026-06-08T15:50:02Z,105723
2026-06-08T15:55:02Z,105878
2026-06-08T16:00:02Z,105684
2026-06-08T16:05:03Z,105421
2026-06-08T16:10:02Z,105782
2026-06-08T16:15:03Z,106138
2026-06-08T16:20:03Z,106515
2026-06-08T16:25:03Z,107030
2026-06-08T16:30:03Z,107344
2026-06-08T16:35:02Z,107768
2026-06-08T16:40:03Z,108481
2026-06-08T16:45:03Z,108819
2026-06-08T16:50:02Z,109332
2026-06-08T16:55:03Z,109779
2026-06-08T17:00:03Z,110011
2026-06-08T17:05:02Z,110678
2026-06-08T17:10:03Z,111399
2026-06-08T17:15:03Z,112088
2026-06-08T17:20:02Z,112860
2026-06-08T17:25:02Z,113745
2026-06-08T17:30:02Z,114296
2026-06-08T17:35:03Z,115001
2026-06-08T17:40:02Z,115544
2026-06-08T17:45:03Z,116217
2026-06-08T17:50:03Z,116757
2026-06-08T17:55:03Z,117341
2026-06-08T18:00:03Z,117753
2026-06-08T18:05:02Z,118055
2026-06-08T18:10:02Z,118680
2026-06-08T18:15:03Z,119584
2026-06-08T18:20:02Z,119715
2026-06-08T18:25:03Z,120358
2026-06-08T18:30:02Z,121106
2026-06-08T18:35:02Z,121909
2026-06-08T18:40:02Z,122316
2026-06-08T18:45:03Z,122966
2026-06-08T18:50:03Z,123328
2026-06-08T18:55:03Z,123556
2026-06-08T19:00:02Z,123723
2026-06-08T19:05:02Z,123803
2026-06-08T19:10:03Z,124042
2026-06-08T19:15:02Z,124136
2026-06-08T19:20:02Z,124275
2026-06-08T19:25:03Z,124504
2026-06-08T19:30:02Z,124519
2026-06-08T19:35:02Z,124795
2026-06-08T19:40:03Z,125151
2026-06-08T19:45:02Z,125098
2026-06-08T19:50:02Z,125100
2026-06-08T19:55:03Z,125048
2026-06-08T20:00:02Z,124654
2026-06-08T20:05:03Z,124563
2026-06-08T20:10:02Z,124468
2026-06-08T20:15:03Z,124094
2026-06-08T20:20:03Z,123901
2026-06-08T20:25:03Z,123780
2026-06-08T20:30:03Z,123307
2026-06-08T20:35:02Z,122810
2026-06-08T20:40:03Z,122183
2026-06-08T20:45:02Z,121830
2026-06-08T20:50:02Z,121244
2026-06-08T20:55:02Z,120333
2026-06-08T21:00:02Z,119321
2026-06-08T21:05:03Z,118331
2026-06-08T21:10:03Z,117688
2026-06-08T21:15:03Z,117065
2026-06-08T21:20:02Z,116429
2026-06-08T21:25:02Z,115942
2026-06-08T21:30:03Z,115206
2026-06-08T21:35:02Z,114522
2026-06-08T21:40:03Z,114163
2026-06-08T21:45:03Z,113587
2026-06-08T21:50:02Z,113031
2026-06-08T21:55:03Z,112332
2026-06-08T22:00:03Z,111667
2026-06-08T22:05:03Z,111115
2026-06-08T22:10:02Z,110405
2026-06-08T22:15:03Z,110064
2026-06-08T22:20:02Z,109777
2026-06-08T22:25:02Z,109205
2026-06-08T22:30:03Z,109062
2026-06-08T22:35:03Z,108716
2026-06-08T22:40:02Z,108506
2026-06-08T22:45:02Z,108397
2026-06-08T22:50:03Z,108424
2026-06-08T22:55:03Z,108261
2026-06-08T23:00:03Z,108033
2026-06-08T23:05:03Z,108013
2026-06-08T23:10:03Z,107853
2026-06-08T23:15:02Z,107812
2026-06-08T23:20:03Z,107707
2026-06-08T23:25:03Z,107786
2026-06-08T23:30:03Z,108029
2026-06-08T23:35:03Z,107835
2026-06-08T23:40:02Z,108137
2026-06-08T23:45:02Z,108358
2026-06-08T23:50:03Z,108468
2026-06-08T23:55:03Z,108828
2026-06-09T00:00:05Z,108783
2026-06-09T00:05:02Z,108915
2026-06-09T00:10:02Z,109455
2026-06-09T00:15:03Z,109885
2026-06-09T00:20:03Z,110363
2026-06-09T00:25:03Z,110790
2026-06-09T00:30:03Z,111222
2026-06-09T00:35:02Z,111423
2026-06-09T00:40:03Z,111856
2026-06-09T00:45:03Z,112347
2026-06-09T00:50:03Z,112716
2026-06-09T00:55:03Z,113137
2026-06-09T01:00:03Z,113364
2026-06-09T01:05:02Z,113500
2026-06-09T01:10:03Z,113648
2026-06-09T01:15:03Z,113763
2026-06-09T01:20:03Z,114100
2026-06-09T01:25:02Z,114300
2026-06-09T01:30:02Z,114475
2026-06-09T01:35:02Z,114451
2026-06-09T01:40:03Z,114218
2026-06-09T01:45:03Z,113915
2026-06-09T01:50:02Z,113486
2026-06-09T01:55:03Z,113155
2026-06-09T02:00:02Z,112702
2026-06-09T02:05:03Z,112125
2026-06-09T02:10:03Z,111534
2026-06-09T02:15:02Z,111097
2026-06-09T02:20:02Z,110788
2026-06-09T02:25:02Z,110425
2026-06-09T02:30:03Z,109522
2026-06-09T02:35:03Z,108975
2026-06-09T02:40:02Z,108167
2026-06-09T02:45:03Z,107444
2026-06-09T02:50:02Z,106842
2026-06-09T02:55:03Z,105913
2026-06-09T03:00:03Z,105021
2026-06-09T03:05:03Z,103773
2026-06-09T03:10:03Z,102486
2026-06-09T03:15:03Z,101517
2026-06-09T03:20:02Z,100383
2026-06-09T03:25:03Z,99212
2026-06-09T03:30:03Z,97871
2026-06-09T03:35:03Z,96270
2026-06-09T03:40:03Z,95274
2026-06-09T03:45:03Z,93990
2026-06-09T03:50:03Z,93190
2026-06-09T03:55:03Z,92181
2026-06-09T04:00:03Z,91110
2026-06-09T04:05:03Z,89448
2026-06-09T04:10:03Z,87988
2026-06-09T04:15:03Z,86629
2026-06-09T04:20:02Z,85633
2026-06-09T04:25:03Z,84716
2026-06-09T04:30:03Z,83663
2026-06-09T04:35:03Z,82498
2026-06-09T04:40:03Z,81232
2026-06-09T04:45:03Z,80344
2026-06-09T04:50:02Z,79471
2026-06-09T04:55:03Z,78686
2026-06-09T05:00:03Z,77589
2026-06-09T05:05:02Z,76601
2026-06-09T05:10:02Z,75710
2026-06-09T05:15:02Z,74839
2026-06-09T05:20:03Z,74096
2026-06-09T05:25:03Z,73480
2026-06-09T05:30:03Z,72707
2026-06-09T05:35:03Z,71996
2026-06-09T05:40:03Z,71440
2026-06-09T05:45:03Z,70780
2026-06-09T05:50:03Z,70130
2026-06-09T05:55:03Z,69576
2026-06-09T06:00:03Z,69023
2026-06-09T06:05:03Z,68797
2026-06-09T06:10:03Z,68604
2026-06-09T06:15:03Z,68200
2026-06-09T06:20:03Z,67862
2026-06-09T06:25:03Z,67442
2026-06-09T06:30:02Z,66996
2026-06-09T06:35:03Z,66636
2026-06-09T06:40:04Z,66446
2026-06-09T06:45:03Z,66137
2026-06-09T06:50:03Z,65772
2026-06-09T06:55:02Z,65457
2026-06-09T07:00:04Z,65022
2026-06-09T07:05:03Z,64802
2026-06-09T07:10:02Z,64653
2026-06-09T07:15:03Z,64355
2026-06-09T07:20:02Z,64120
2026-06-09T07:25:03Z,63865
2026-06-09T07:30:02Z,63692
2026-06-09T07:35:03Z,63486
2026-06-09T07:40:03Z,63509
2026-06-09T07:45:03Z,63672
2026-06-09T07:50:02Z,63599
2026-06-09T07:55:03Z,63393
2026-06-09T08:00:02Z,63139
2026-06-09T08:05:03Z,63169
2026-06-09T08:10:03Z,63181
2026-06-09T08:15:02Z,63186
2026-06-09T08:20:03Z,61970
2026-06-09T08:25:02Z,61492
2026-06-09T08:30:02Z,60936
2026-06-09T08:35:02Z,60489
2026-06-09T08:40:03Z,60028
2026-06-09T08:45:03Z,59229
2026-06-09T08:50:02Z,58048
2026-06-09T08:55:03Z,55424
2026-06-09T09:00:03Z,41152
2026-06-09T09:20:03Z,10663
2026-06-09T09:25:03Z,22225
2026-06-09T09:30:03Z,30318
2026-06-09T09:35:02Z,37378
2026-06-09T09:40:03Z,42421
2026-06-09T09:45:03Z,46231
2026-06-09T09:50:02Z,49081
2026-06-09T09:55:03Z,51368
2026-06-09T10:00:03Z,52977
2026-06-09T10:05:02Z,54164
2026-06-09T10:10:03Z,55166
2026-06-09T10:15:03Z,56621
2026-06-09T10:20:03Z,58378
2026-06-09T10:25:02Z,59773
2026-06-09T10:30:03Z,60428
2026-06-09T10:35:03Z,61391
2026-06-09T10:40:02Z,62447
2026-06-09T10:45:02Z,63278
2026-06-09T10:50:02Z,63791
2026-06-09T10:55:03Z,64389
2026-06-09T11:00:02Z,64671
2026-06-09T11:05:03Z,65376
2026-06-09T11:10:03Z,66280
2026-06-09T11:15:02Z,67058
2026-06-09T11:20:03Z,67575
2026-06-09T11:25:03Z,68153
2026-06-09T11:30:03Z,68745
2026-06-09T11:35:02Z,69559
2026-06-09T11:40:03Z,70315
2026-06-09T11:45:03Z,70861
2026-06-09T11:50:03Z,71654
2026-06-09T11:55:02Z,72161
2026-06-09T12:00:03Z,72572
2026-06-09T12:05:03Z,73079
2026-06-09T12:10:02Z,73874
2026-06-09T12:15:03Z,74619
2026-06-09T12:20:02Z,75697
2026-06-09T12:25:03Z,76126
2026-06-09T12:30:02Z,77028
2026-06-09T12:35:03Z,77858
2026-06-09T12:40:03Z,78704
2026-06-09T12:45:02Z,79541
2026-06-09T12:50:03Z,80349
2026-06-09T12:55:02Z,81068
2026-06-09T13:00:02Z,81594
2026-06-09T13:05:03Z,82644
2026-06-09T13:10:03Z,83719
2026-06-09T13:15:03Z,84985
2026-06-09T13:20:03Z,85805
2026-06-09T13:25:02Z,86655
2026-06-09T13:30:03Z,87261
2026-06-09T13:35:03Z,88219
2026-06-09T13:40:03Z,88953
2026-06-09T13:45:03Z,89715
2026-06-09T13:50:02Z,90410
2026-06-09T13:55:02Z,90850
2026-06-09T14:00:02Z,91424
2026-06-09T14:05:03Z,91835
2026-06-09T14:10:02Z,92518
2026-06-09T14:15:03Z,92788
2026-06-09T14:20:03Z,93178
2026-06-09T14:25:03Z,93584
2026-06-09T14:30:03Z,94162
2026-06-09T14:35:03Z,95017
2026-06-09T14:40:02Z,96041
2026-06-09T14:45:03Z,96702
2026-06-09T14:50:03Z,97250
2026-06-09T14:55:02Z,97572
2026-06-09T15:00:03Z,97691
2026-06-09T15:05:02Z,98081
2026-06-09T15:10:03Z,98498
2026-06-09T15:15:03Z,98952
2026-06-09T15:20:03Z,99730
2026-06-09T15:25:03Z,100077
2026-06-09T15:30:03Z,100222
2026-06-09T15:35:03Z,100662
2026-06-09T15:40:03Z,100952
2026-06-09T15:45:03Z,101345
2026-06-09T15:50:03Z,101744
2026-06-09T15:55:02Z,101836
2026-06-09T16:00:02Z,102087
2026-06-09T16:05:02Z,101908
2026-06-09T16:10:03Z,102448
2026-06-09T16:15:03Z,102849
2026-06-09T16:20:02Z,103180
2026-06-09T16:25:03Z,103669
2026-06-09T16:30:03Z,104119
2026-06-09T16:35:02Z,104456
2026-06-09T16:40:03Z,105196
2026-06-09T16:45:03Z,105564
2026-06-09T16:50:03Z,106111
2026-06-09T16:55:02Z,106505
2026-06-09T17:00:03Z,106493
2026-06-09T17:05:02Z,106631
2026-06-09T17:10:03Z,107647
2026-06-09T17:15:02Z,108446
2026-06-09T17:20:02Z,108921
2026-06-09T17:25:02Z,109571
2026-06-09T17:30:03Z,109910
2026-06-09T17:35:02Z,110577
2026-06-09T17:40:03Z,111117
2026-06-09T17:45:03Z,111918
2026-06-09T17:50:02Z,112266
2026-06-09T17:55:02Z,112736
2026-06-09T18:00:03Z,113160
2026-06-09T18:05:02Z,113771
2026-06-09T18:10:03Z,114322
2026-06-09T18:15:02Z,115077
2026-06-09T18:20:03Z,115272
2026-06-09T18:25:02Z,115619
2026-06-09T18:30:03Z,116158
2026-06-09T18:35:03Z,116852
2026-06-09T18:40:02Z,117368
2026-06-09T18:45:03Z,118121
2026-06-09T18:50:03Z,118486
2026-06-09T18:55:02Z,118783
2026-06-09T19:00:03Z,119077
2026-06-09T19:05:03Z,119079
2026-06-09T19:10:03Z,119282
2026-06-09T19:15:03Z,119687
2026-06-09T19:20:02Z,119901
2026-06-09T19:25:02Z,120060
2026-06-09T19:30:02Z,120129
2026-06-09T19:35:03Z,120191
2026-06-09T19:40:02Z,120526
2026-06-09T19:45:02Z,120545
2026-06-09T19:50:03Z,120605
2026-06-09T19:55:02Z,120302
2026-06-09T20:00:02Z,120100
2026-06-09T20:05:03Z,119606
2026-06-09T20:10:03Z,119385
2026-06-09T20:15:03Z,119106
2026-06-09T20:20:02Z,118550
2026-06-09T20:25:03Z,118227
2026-06-09T20:30:02Z,117851
2026-06-09T20:35:02Z,117545
2026-06-09T20:40:03Z,117255
2026-06-09T20:45:02Z,116645
2026-06-09T20:50:03Z,116115
2026-06-09T20:55:02Z,115546
2026-06-09T21:00:02Z,114636
2026-06-09T21:05:03Z,113573
2026-06-09T21:10:02Z,112814
2026-06-09T21:15:03Z,112311
2026-06-09T21:20:03Z,111506
2026-06-09T21:25:02Z,110610
2026-06-09T21:30:03Z,109979
2026-06-09T21:35:03Z,109328
2026-06-09T21:40:02Z,108703
2026-06-09T21:45:03Z,108153
2026-06-09T21:50:03Z,107603
2026-06-09T21:55:03Z,107063
2026-06-09T22:00:03Z,106345
2026-06-09T22:05:03Z,105777
2026-06-09T22:10:02Z,105345
2026-06-09T22:15:03Z,105197
2026-06-09T22:20:03Z,105075
2026-06-09T22:25:03Z,104831
2026-06-09T22:30:04Z,104702
2026-06-09T22:35:02Z,104602
2026-06-09T22:40:03Z,104468
2026-06-09T22:45:03Z,104263
2026-06-09T22:50:02Z,104177
2026-06-09T22:55:03Z,103923
2026-06-09T23:00:03Z,103733
2026-06-09T23:05:03Z,103437
2026-06-09T23:10:02Z,103383
2026-06-09T23:15:02Z,103107
2026-06-09T23:20:03Z,103470
2026-06-09T23:25:02Z,103466
2026-06-09T23:30:02Z,103423
2026-06-09T23:35:02Z,103568
2026-06-09T23:40:03Z,103977
2026-06-09T23:45:02Z,104296
2026-06-09T23:50:02Z,104544
2026-06-09T23:55:03Z,104662
2026-06-10T00:00:05Z,104819
2026-06-10T00:05:02Z,104983
2026-06-10T00:10:03Z,105235
2026-06-10T00:15:02Z,105624
2026-06-10T00:20:03Z,106109
2026-06-10T00:25:03Z,106471
2026-06-10T00:30:03Z,106740
2026-06-10T00:35:03Z,107024
2026-06-10T00:40:03Z,107480
2026-06-10T00:45:02Z,108014
2026-06-10T00:50:03Z,108119
2026-06-10T00:55:02Z,108630
2026-06-10T01:00:03Z,108859
2026-06-10T01:05:03Z,108852
2026-06-10T01:10:02Z,109119
2026-06-10T01:15:02Z,109247
2026-06-10T01:20:03Z,109458
2026-06-10T01:25:03Z,109602
2026-06-10T01:30:02Z,109317
2026-06-10T01:35:02Z,109145
2026-06-10T01:40:03Z,109093
2026-06-10T01:45:03Z,109213
2026-06-10T01:50:02Z,109028
2026-06-10T01:55:03Z,108722
2026-06-10T02:00:03Z,108280
2026-06-10T02:05:02Z,107940
2026-06-10T02:10:03Z,107417
2026-06-10T02:15:03Z,107012
2026-06-10T02:20:03Z,106306
2026-06-10T02:25:02Z,105781
2026-06-10T02:30:02Z,105167
2026-06-10T02:35:02Z,104519
2026-06-10T02:40:03Z,103806
2026-06-10T02:45:03Z,103315
2026-06-10T02:50:02Z,102673
2026-06-10T02:55:02Z,101739
2026-06-10T03:00:03Z,100741
2026-06-10T03:05:03Z,99503
2026-06-10T03:10:03Z,98336
2026-06-10T03:15:02Z,97485
2026-06-10T03:20:03Z,96371
2026-06-10T03:25:03Z,95615
2026-06-10T03:30:03Z,94528
2026-06-10T03:35:02Z,93525
2026-06-10T03:40:02Z,92622
2026-06-10T03:45:03Z,91757
2026-06-10T03:50:02Z,90554
2026-06-10T03:55:02Z,89520
2026-06-10T04:00:02Z,88249
2026-06-10T04:05:03Z,86877
2026-06-10T04:10:03Z,85847
2026-06-10T04:15:03Z,84782
2026-06-10T04:20:02Z,83486
2026-06-10T04:25:02Z,82291
2026-06-10T04:30:03Z,81128
2026-06-10T04:35:03Z,80146
2026-06-10T04:40:03Z,79508
2026-06-10T04:45:02Z,78521
2026-06-10T04:50:02Z,77652
2026-06-10T04:55:03Z,76782
2026-06-10T05:00:03Z,75672
2026-06-10T05:05:03Z,74742
2026-06-10T05:10:03Z,73710
2026-06-10T05:15:03Z,72967
2026-06-10T05:20:03Z,72314
2026-06-10T05:25:02Z,71594
2026-06-10T05:30:03Z,70819
2026-06-10T05:35:03Z,70044
2026-06-10T05:40:02Z,69495
2026-06-10T05:45:03Z,68838
2026-06-10T05:50:03Z,68091
2026-06-10T05:55:03Z,67375
2026-06-10T06:00:03Z,66870
2026-06-10T06:05:03Z,66606
2026-06-10T06:10:02Z,66385
2026-06-10T06:15:03Z,66125
2026-06-10T06:20:03Z,65581
2026-06-10T06:25:03Z,65140
2026-06-10T06:30:02Z,64464
2026-06-10T06:35:03Z,64327
2026-06-10T06:40:03Z,63973
2026-06-10T06:45:02Z,63674
2026-06-10T06:50:03Z,63651
2026-06-10T06:55:03Z,63280
2026-06-10T07:00:02Z,62865
2026-06-10T07:05:03Z,62539
2026-06-10T07:10:02Z,62238
2026-06-10T07:15:03Z,62094
2026-06-10T07:20:03Z,61908
2026-06-10T07:25:02Z,61805
2026-06-10T07:30:03Z,61546
2026-06-10T07:35:02Z,61482
2026-06-10T07:40:02Z,61514
2026-06-10T07:45:03Z,61349
2026-06-10T07:50:03Z,61386
2026-06-10T07:55:02Z,61019
2026-06-10T08:00:03Z,60887
2026-06-10T08:05:02Z,60992
2026-06-10T08:10:02Z,61176
2026-06-10T08:15:03Z,61144
2026-06-10T08:20:03Z,61162
2026-06-10T08:25:02Z,61166
2026-06-10T08:30:02Z,61118
2026-06-10T08:35:02Z,61023
2026-06-10T08:40:03Z,61384
2026-06-10T08:45:02Z,61291
2026-06-10T08:50:02Z,61161
2026-06-10T08:55:03Z,61287
2026-06-10T09:00:03Z,61249
2026-06-10T09:05:03Z,61344
2026-06-10T09:10:03Z,61689
2026-06-10T09:15:02Z,61880
2026-06-10T09:20:03Z,61829
2026-06-10T09:25:03Z,62053
2026-06-10T09:30:03Z,62368
2026-06-10T09:35:02Z,62387
2026-06-10T09:40:02Z,62680
2026-06-10T09:45:03Z,63010
2026-06-10T09:50:03Z,63188
2026-06-10T09:55:02Z,63309
2026-06-10T10:00:03Z,63210
2026-06-10T10:05:02Z,63298
2026-06-10T10:10:03Z,63709
2026-06-10T10:15:02Z,63866
2026-06-10T10:20:03Z,64267
2026-06-10T10:25:02Z,64740
2026-06-10T10:30:03Z,65000
2026-06-10T10:35:02Z,65496
2026-06-10T10:40:02Z,65668
2026-06-10T10:45:03Z,66166
2026-06-10T10:50:03Z,66615
2026-06-10T10:55:02Z,66867
2026-06-10T11:00:02Z,67171
2026-06-10T11:05:03Z,67582
2026-06-10T11:10:03Z,67988
2026-06-10T11:15:03Z,68541
2026-06-10T11:20:03Z,69143
2026-06-10T11:25:03Z,69720
2026-06-10T11:30:02Z,70174
2026-06-10T11:35:02Z,70729
2026-06-10T11:40:02Z,71445
2026-06-10T11:45:03Z,71945
2026-06-10T11:50:03Z,72388
2026-06-10T11:55:02Z,72968
2026-06-10T12:00:03Z,73154
2026-06-10T12:05:03Z,73611
2026-06-10T12:10:03Z,74177
2026-06-10T12:15:02Z,74876
2026-06-10T12:20:03Z,75629
2026-06-10T12:25:02Z,76359
2026-06-10T12:30:03Z,76999
2026-06-10T12:35:02Z,77866
2026-06-10T12:40:03Z,78649
2026-06-10T12:45:02Z,79591
2026-06-10T12:50:02Z,80337
2026-06-10T12:55:03Z,81140
2026-06-10T13:00:03Z,81841
2026-06-10T13:05:02Z,82727
2026-06-10T13:10:02Z,83682
2026-06-10T13:15:03Z,84489
2026-06-10T13:20:03Z,85393
2026-06-10T13:25:03Z,86189
2026-06-10T13:30:02Z,86613
2026-06-10T13:35:02Z,87194
2026-06-10T13:40:03Z,88007
2026-06-10T13:45:02Z,88661
2026-06-10T13:50:03Z,89215
2026-06-10T13:55:03Z,89532
2026-06-10T14:00:02Z,89801
2026-06-10T14:05:02Z,90437
2026-06-10T14:10:03Z,91063
2026-06-10T14:15:03Z,91658
2026-06-10T14:20:03Z,92436
2026-06-10T14:25:03Z,92983
2026-06-10T14:30:02Z,93379
2026-06-10T14:35:02Z,93988
2026-06-10T14:40:03Z,94650
2026-06-10T14:45:03Z,95105
2026-06-10T14:50:02Z,95701
2026-06-10T14:55:03Z,96166
2026-06-10T15:00:03Z,96540
2026-06-10T15:05:02Z,96986
2026-06-10T15:10:03Z,97631
2026-06-10T15:15:03Z,98002
2026-06-10T15:20:03Z,98304
2026-06-10T15:25:02Z,98622
2026-06-10T15:30:03Z,98702
2026-06-10T15:35:03Z,98961
2026-06-10T15:40:03Z,99479
2026-06-10T15:45:02Z,100010
2026-06-10T15:50:03Z,100003
2026-06-10T15:55:03Z,100368
2026-06-10T16:00:02Z,100161
2026-06-10T16:05:02Z,100007
2026-06-10T16:10:03Z,100409
2026-06-10T16:15:03Z,100304
2026-06-10T16:20:03Z,100663
2026-06-10T16:25:03Z,101145
2026-06-10T16:30:02Z,103418
2026-06-10T16:35:03Z,101914
2026-06-10T16:40:03Z,102185
2026-06-10T16:45:02Z,102691
2026-06-10T16:50:03Z,102993
2026-06-10T16:55:03Z,103482
2026-06-10T17:00:03Z,103606
2026-06-10T17:05:03Z,103928
2026-06-10T17:10:03Z,104611
2026-06-10T17:15:03Z,105431
2026-06-10T17:20:02Z,105933
2026-06-10T17:25:03Z,106412
2026-06-10T17:30:02Z,106786
2026-06-10T17:35:03Z,107297
2026-06-10T17:40:03Z,107858
2026-06-10T17:45:03Z,108627
2026-06-10T17:50:03Z,109374
2026-06-10T17:55:02Z,109819
2026-06-10T18:00:03Z,110294
2026-06-10T18:05:03Z,110655
2026-06-10T18:10:03Z,111236
2026-06-10T18:15:03Z,111866
2026-06-10T18:20:02Z,112470
2026-06-10T18:25:03Z,113110
2026-06-10T18:30:03Z,113398
2026-06-10T18:35:02Z,113620
2026-06-10T18:40:03Z,114195
2026-06-10T18:45:02Z,114806
2026-06-10T18:50:03Z,115188
2026-06-10T18:55:03Z,115763
2026-06-10T19:00:02Z,115960
2026-06-10T19:05:03Z,115744
2026-06-10T19:10:02Z,115620
2026-06-10T19:15:03Z,115970
2026-06-10T19:20:03Z,115995
2026-06-10T19:25:02Z,116157
2026-06-10T19:30:02Z,115980
2026-06-10T19:35:03Z,116248
2026-06-10T19:40:03Z,116102
2026-06-10T19:45:02Z,116461
2026-06-10T19:50:03Z,116776
2026-06-10T19:55:02Z,116956
2026-06-10T20:00:03Z,116656
2026-06-10T20:05:03Z,116539
2026-06-10T20:10:02Z,116529
2026-06-10T20:15:03Z,116331
2026-06-10T20:20:03Z,116104
2026-06-10T20:25:03Z,115959
2026-06-10T20:30:03Z,115337
2026-06-10T20:35:03Z,114995
2026-06-10T20:40:02Z,114801
2026-06-10T20:45:02Z,114187
2026-06-10T20:50:02Z,113718
2026-06-10T20:55:02Z,113021
2026-06-10T21:00:03Z,112281
2026-06-10T21:05:02Z,111347
2026-06-10T21:10:03Z,110653
2026-06-10T21:15:02Z,110162
2026-06-10T21:20:02Z,109627
2026-06-10T21:25:03Z,109202
2026-06-10T21:30:02Z,108595
2026-06-10T21:35:02Z,107925
2026-06-10T21:40:02Z,108033
2026-06-10T21:45:02Z,107559
2026-06-10T21:50:03Z,106773
2026-06-10T21:55:03Z,106727
2026-06-10T22:00:03Z,105828
2026-06-10T22:05:03Z,105416
2026-06-10T22:10:02Z,104829
2026-06-10T22:15:02Z,104140
2026-06-10T22:20:03Z,104084
2026-06-10T22:25:03Z,103677
2026-06-10T22:30:03Z,103505
2026-06-10T22:35:03Z,103455
2026-06-10T22:40:02Z,103126
2026-06-10T22:45:03Z,102865
2026-06-10T22:50:03Z,102402
2026-06-10T22:55:02Z,102386
2026-06-10T23:00:02Z,102215
2026-06-10T23:05:03Z,101927
2026-06-10T23:10:02Z,101833
2026-06-10T23:15:02Z,101792
2026-06-10T23:20:03Z,101915
2026-06-10T23:25:03Z,101775
2026-06-10T23:30:03Z,102020
2026-06-10T23:35:02Z,102250
2026-06-10T23:40:02Z,102410
2026-06-10T23:45:03Z,102710
2026-06-10T23:50:03Z,102916
2026-06-10T23:55:02Z,103113
2026-06-11T00:00:05Z,103143
2026-06-11T00:05:02Z,103378
2026-06-11T00:10:04Z,103683
2026-06-11T00:15:03Z,104111
2026-06-11T00:20:02Z,104748
2026-06-11T00:25:02Z,104955
2026-06-11T00:30:03Z,105279
2026-06-11T00:35:03Z,105503
2026-06-11T00:40:03Z,105884
2026-06-11T00:45:02Z,106246
2026-06-11T00:50:02Z,106442
2026-06-11T00:55:03Z,107014
2026-06-11T01:00:02Z,107027
2026-06-11T01:05:03Z,106948
2026-06-11T01:10:02Z,106998
2026-06-11T01:15:03Z,107442
2026-06-11T01:20:02Z,107607
2026-06-11T01:25:03Z,107840
2026-06-11T01:30:04Z,107748
2026-06-11T01:35:02Z,107872
2026-06-11T01:40:03Z,107667
2026-06-11T01:45:03Z,107512
2026-06-11T01:50:02Z,107523
2026-06-11T01:55:02Z,107055
2026-06-11T02:00:03Z,106934
2026-06-11T02:05:03Z,106305
2026-06-11T02:10:03Z,106009
2026-06-11T02:15:03Z,105514
2026-06-11T02:20:02Z,105137
2026-06-11T02:25:03Z,104521
2026-06-11T02:30:03Z,104072
2026-06-11T02:35:03Z,103419
2026-06-11T02:40:03Z,102892
2026-06-11T02:45:03Z,102146
2026-06-11T02:50:03Z,101452
2026-06-11T02:55:02Z,100784
2026-06-11T03:00:02Z,99900
2026-06-11T03:05:03Z,98979
2026-06-11T03:10:03Z,98135
2026-06-11T03:15:03Z,97065
2026-06-11T03:20:03Z,96121
2026-06-11T03:25:03Z,94820
2026-06-11T03:30:02Z,93889
2026-06-11T03:35:03Z,92457
2026-06-11T03:40:02Z,91486
2026-06-11T03:45:03Z,90564
2026-06-11T03:50:03Z,89557
2026-06-11T03:55:03Z,88567
2026-06-11T04:00:02Z,87330
2026-06-11T04:05:03Z,85610
2026-06-11T04:10:03Z,84480
2026-06-11T04:15:02Z,83532
2026-06-11T04:20:02Z,82499
2026-06-11T04:25:03Z,81533
2026-06-11T04:30:02Z,80493
2026-06-11T04:35:03Z,79535
2026-06-11T04:40:03Z,78530
2026-06-11T04:45:03Z,77598
2026-06-11T04:50:03Z,76901
2026-06-11T04:55:03Z,76251
2026-06-11T05:00:03Z,75133
2026-06-11T05:05:03Z,73988
2026-06-11T05:10:02Z,73150
2026-06-11T05:15:02Z,72145
2026-06-11T05:20:03Z,71469
2026-06-11T05:25:03Z,70793
2026-06-11T05:30:03Z,69747
2026-06-11T05:35:03Z,69062
2026-06-11T05:40:02Z,68561
2026-06-11T05:45:03Z,67967
2026-06-11T05:50:03Z,67355
2026-06-11T05:55:02Z,66617
2026-06-11T06:00:03Z,65990
2026-06-11T06:05:03Z,65383
2026-06-11T06:10:03Z,65349
2026-06-11T06:15:02Z,64990
2026-06-11T06:20:02Z,64803
2026-06-11T06:25:03Z,64445
2026-06-11T06:30:03Z,63779
2026-06-11T06:35:03Z,63146
2026-06-11T06:40:02Z,62849
2026-06-11T06:45:03Z,62698
2026-06-11T06:50:02Z,62490
2026-06-11T06:55:02Z,62314
2026-06-11T07:00:03Z,62082
2026-06-11T07:05:03Z,61714
2026-06-11T07:10:03Z,61564
2026-06-11T07:15:02Z,61040
2026-06-11T07:20:03Z,59836
2026-06-11T07:25:02Z,59253
2026-06-11T07:30:03Z,58607
2026-06-11T07:35:02Z,58050
2026-06-11T07:40:02Z,57286
2026-06-11T07:45:03Z,56505
2026-06-11T07:50:02Z,55039
2026-06-11T07:55:02Z,52931
2026-06-11T08:00:03Z,41932
2026-06-11T08:05:03Z,18415
2026-06-11T08:10:02Z,27950
2026-06-11T08:15:03Z,33420
2026-06-11T08:20:02Z,37628
2026-06-11T08:25:03Z,40379
2026-06-11T08:30:03Z,42502
2026-06-11T08:35:02Z,44595
2026-06-11T08:40:03Z,46022
2026-06-11T08:45:02Z,47514
2026-06-11T08:50:03Z,48429
2026-06-11T08:55:02Z,49583
2026-06-11T09:00:03Z,50277
2026-06-11T09:05:02Z,51177
